Metro,Degree,Eigenvector,Closeness,Betweenness,Harmonic
"Albuquerque, NM Metro Area",1.0604534005037782,0.043336753573607015,1891.8872744124126,0.00246164414930158,1047543.2811814665
"Abilene, TX Metro Area",0.5214105793450882,0.0202800541425485,1387.5919116154741,0.0,690855.2678067201
"Allentown-Bethlehem-Easton, PA-NJ Metro Area",0.8816120906801007,0.020750456970975707,1629.6445941879997,0.0,890014.2313369242
"Amarillo, TX Metro Area",0.526448362720403,0.02543700576567072,1701.3667704997144,0.0,876216.4400678104
"Anchorage, AK Metro Area",1.1738035264483626,0.033434401719669556,2037.2018186512337,0.0,974286.8587714585
"Atlanta-Sandy Springs-Roswell, GA Metro Area",1.6675062972292192,0.17240917587802246,2403.118574236343,0.01483983410935552,1482700.9788389276
"Austin-Round Rock, TX Metro Area",1.3476070528967254,0.11681664837737764,2089.01749522917,0.0,1260322.8816174602
"Bakersfield, CA Metro Area",0.7984886649874056,0.03150915369527875,1660.4665024021228,0.0024934483372770527,894777.2687457812
"Baltimore-Columbia-Towson, MD Metro Area",1.3778337531486147,0.06478600404426575,2090.337093065304,0.016748085387883877,1117162.1080977404
"Baton Rouge, LA Metro Area",0.8513853904282116,0.026283209862308473,1693.1307623124073,0.0024489224741113913,806101.6358389707
"Beaumont-Port Arthur, TX Metro Area",0.5944584382871536,0.02547658377250586,1551.1641689873775,0.0,778267.9977854324
"Birmingham-Hoover, AL Metro Area",1.035264483627204,0.039039224087529883,1892.3765571709703,0.00246164414930158,993443.5702250797
"Boise City, ID Metro Area",0.889168765743073,0.049359669066198285,1981.608448631198,0.0,1132033.504691532
"Boston-Cambridge-Newton, MA-NH Metro Area",1.463476070528967,0.08533551039373487,2188.8119936339504,0.027408849197262296,1144597.5426973104
"Brownsville-Harlingen, TX Metro Area",0.43324937027707805,0.006860198839934666,1040.3275605908746,0.0,321945.09080087795
"Buffalo-Cheektowaga-Niagara Falls, NY Metro Area",0.9042821158690176,0.027230937145581793,1811.5689415001864,0.0,800752.1816384087
"Charleston-North Charleston, SC Metro Area",1.2141057934508817,0.039686235075750184,1675.6430322911494,0.0,955832.4832705656
"Charlotte-Concord-Gastonia, NC-SC Metro Area",1.3677581863979849,0.08463288853498976,2213.9023792025628,0.0,1212322.186569845
"Cheyenne, WY Metro Area",0.5541561712846348,0.010052427682893477,1308.4801661830857,0.0,535515.2197739703
"Chicago-Naperville-Elgin, IL-IN-WI Metro Area",1.7858942065491183,0.14595619088980544,2427.0134084408933,0.01748594254891484,1400016.0266501063
"Cleveland-Elyria, OH Metro Area",1.2292191435768263,0.048614258248060566,2060.106926087915,0.004967814161768822,1055180.2193359223
"College Station-Bryan, TX Metro Area",0.6272040302267002,0.03557336823629988,1495.1566768647317,0.0,859679.6487348322
"Colorado Springs, CO Metro Area",1.3073047858942066,0.05399653634516012,1880.3294270195877,0.0,1052328.254714631
"Columbia, SC Metro Area",1.256926952141058,0.04697698559484032,1692.2806481988603,0.00246164414930158,1031329.2324498191
"Corpus Christi, TX Metro Area",0.7128463476070529,0.033101206790105094,1657.988790947705,0.0,887885.7207875939
"Dallas-Fort Worth-Arlington, TX Metro Area",1.7732997481108312,0.21992281521977056,2423.670840466925,0.0,1546761.6526748107
"Dayton, OH Metro Area",1.0428211586901763,0.03755490453644607,1805.7344599438015,0.00246164414930158,945500.8672859158
"Denver-Aurora-Lakewood, CO Metro Area",1.5743073047858942,0.10940194283016937,2255.2898708733437,0.009948349998727834,1304166.0645665813
"Detroit-Warren-Dearborn, MI Metro Area",1.5188916876574308,0.07044472297273903,2283.11808197287,0.014903442485306466,1184913.4643362868
"El Paso, TX Metro Area",0.9697732997481108,0.02355809886630448,1795.3782071126316,0.0,664884.2258337116
"Fairbanks, AK Metro Area",0.6926952141057934,0.014814802338311955,1304.8978939831459,0.0,637721.040093697
"Fayetteville, NC Metro Area",1.035264483627204,0.03335951233222655,1944.4959645869535,0.0,937751.8680125506
"Flagstaff, AZ Metro Area",0.5591939546599496,0.013843710104545387,1384.0490225037242,0.0,732094.6893880349
"Fresno, CA Metro Area",0.7178841309823677,0.017868780874512248,1377.9185463457204,0.00034984606773019874,660708.6941715203
"Gainesville, GA Metro Area",0.4030226700251889,0.01446294407143188,1489.4722752325586,0.0,697174.7666326825
"Grand Rapids-Wyoming, MI Metro Area",1.0277078085642317,0.05432717479981809,2128.7193912517173,0.0,1161495.4207582253
"Gulfport-Biloxi-Pascagoula, MS Metro Area",0.9697732997481108,0.02282345480937111,1566.9875918876169,0.0,771663.7458395037
"Hilton Head Island-Bluffton-Beaufort, SC Metro Area",0.7355163727959697,0.014530619548851055,909.3672944235726,0.0,546254.5753743564
"Houston-The Woodlands-Sugar Land, TX Metro Area",1.6171284634760705,0.1897060535952849,2384.392295224182,0.007499427524616442,1486132.4584762647
"Indianapolis-Carmel-Anderson, IN Metro Area",1.3022670025188916,0.062449154519633766,2161.1136578611563,0.007442179986260592,1156586.1305566705
"Jacksonville, FL Metro Area",1.2267002518891688,0.057066014362666645,2019.247145407966,0.0,1043134.6921249134
"Jacksonville, NC Metro Area",1.0428211586901763,0.019903470058790725,1538.36100987819,0.0,652339.8694025344
"Joplin, MO Metro Area",0.4282115869017632,0.01304531764814865,1358.284708566553,0.0,630806.2230508758
"Kansas City, MO-KS Metro Area",1.4231738035264483,0.08011557090837848,2285.2074089244634,0.004980535836959011,1277272.0550227102
"Killeen-Temple, TX Metro Area",1.0604534005037782,0.035230353915143675,1821.5297310487767,0.0,845742.0763930969
"Knoxville, TN Metro Area",1.0201511335012594,0.04200350483034262,2008.8084143544154,0.0,1047572.7308805155
"Lake Charles, LA Metro Area",0.37531486146095716,0.011974155317112482,1351.3173589818036,0.0,564863.3817002346
"Las Cruces, NM Metro Area",0.45088161209068006,0.015710607827585283,1276.303724779509,0.0,674203.2344996888
"Las Vegas-Henderson-Paradise, NV Metro Area",1.473551637279597,0.0781740949817032,2058.9661630208784,0.0,1069711.9333306774
"Lawrence, KS Metro Area",0.49874055415617125,0.010482593034932331,1436.3116855186079,0.0,608009.1623395361
"Lawton, OK Metro Area",0.7556675062972292,0.023193129903095928,1300.799136036228,0.0,807851.7003826548
"Little Rock-North Little Rock-Conway, AR Metro Area",0.8866498740554156,0.040686065384460256,2025.2033335082394,0.0,1055979.9108616114
"Longview, TX Metro Area",0.47858942065491183,0.025147791194130863,1608.1383869726862,0.0,819797.9978481821
"Los Angeles-Long Beach-Anaheim, CA Metro Area",1.7506297229219143,0.17249378911244162,2306.492494454609,0.05470956415540799,1271007.4638735407
"Lubbock, TX Metro Area",0.6070528967254408,0.03909359912372475,1749.4614636911754,0.0,953855.0246453536
"Lynchburg, VA Metro Area",0.6523929471032746,0.010666868469542252,1100.3021613863214,0.0,468889.3714319738
"McAllen-Edinburg-Mission, TX Metro Area",0.6020151133501259,0.022718717954070322,1552.3566450877502,0.0,770125.6732778724
"Memphis, TN-MS-AR Metro Area",1.2015113350125943,0.054563769543807275,2056.471345520483,0.0,1148365.138560086
"Miami-Fort Lauderdale-West Palm Beach, FL Metro Area",1.579345088161209,0.10135598181665305,2209.298016519209,0.010425412818359922,1194130.6490279369
"Midland, TX Metro Area",0.4030226700251889,0.01455386109294074,1188.3930243406487,0.0,567874.8871443596
"Minneapolis-St. Paul-Bloomington, MN-WI Metro Area",1.486146095717884,0.11920557883879748,2356.634379023785,0.014903442485306466,1433538.2095754456
"Monroe, LA Metro Area",0.3375314861460957,0.011110803117280244,1375.2925149600628,0.0,562630.3673827093
"New York-Newark-Jersey City, NY-NJ-PA Metro Area",1.7884130982367759,0.15081235504705298,2479.60754523669,0.08876548863954406,1386139.723415973
"Ocala, FL Metro Area",0.6876574307304786,0.017298177046633063,1249.3676518657223,0.0,617163.4427153481
"Odessa, TX Metro Area",0.30226700251889166,0.012327235087500088,1288.034697198425,0.0,561838.2546977029
"Oklahoma City, OK Metro Area",1.2292191435768263,0.09176039200824068,2236.5016160495147,0.0,1340852.619169919
"Omaha-Council Bluffs, NE-IA Metro Area",1.1133501259445844,0.04091259443456312,1934.5041724720827,0.0,1033225.0666269151
"Orlando-Kissimmee-Sanford, FL Metro Area",1.4609571788413098,0.07147677116391492,1916.4698665846915,0.019979390886191894,1014017.9708352663
"Oxnard-Thousand Oaks-Ventura, CA Metro Area",0.8664987405541561,0.0237965754581988,1832.4087658087255,0.0,874094.7321878939
"Palm Bay-Melbourne-Titusville, FL Metro Area",0.9949622166246851,0.023963656721327855,1253.0536187097664,0.0,699026.6072789609
"Panama City, FL Metro Area",0.7002518891687657,0.013106735239206593,1423.3843895878822,0.0,579974.7398612491
"Pensacola-Ferry Pass-Brent, FL Metro Area",1.1612090680100755,0.03269416121461006,1630.0549156902798,0.0,882157.8869268055
"Phoenix-Mesa-Scottsdale, AZ Metro Area",1.707808564231738,0.16276239189736263,2295.8829845659247,0.022332900796376867,1452601.6912323528
"Portland-Vancouver-Hillsboro, OR-WA Metro Area",1.3702770780856424,0.08760438103746876,2179.3254088582376,0.019826730783909625,1234475.253162578
"Prescott, AZ Metro Area",0.6020151133501259,0.01691245101584115,1262.6946942037096,0.0,689110.1912937504
"Providence-Warwick, RI-MA Metro Area",1.0453400503778336,0.02847235831350908,1850.4243179870493,0.0,904050.1567249052
"Raleigh, NC Metro Area",1.1083123425692696,0.06389346163549933,2048.1480977977335,0.0,1159067.6436433177
"Redding, CA Metro Area",0.49874055415617125,0.017136140826215906,1375.4830739022498,0.0,714414.3033798664
"Reno, NV Metro Area",0.8161209068010076,0.029620950134791924,1740.326288083719,0.0,867476.8545213599
"Riverside-San Bernardino-Ontario, CA Metro Area",1.5012594458438286,0.1503958677983894,2202.53316906664,0.004897844948222783,1232347.3624188714
"Sacramento--Roseville--Arden-Arcade, CA Metro Area",1.2040302267002518,0.06600044110231706,2073.4133969126683,0.004885123273032593,1074388.1122789367
"St. Louis, MO-IL Metro Area",1.4130982367758187,0.0848040365120033,2302.9834785262237,0.0,1283447.0046987236
"Salt Lake City, UT Metro Area",1.0831234256926952,0.0438264500292152,1946.4960603222946,0.00253161336284762,994573.4741145443
"San Angelo, TX Metro Area",0.544080604534005,0.016044335070194128,974.9313694980644,0.0,651867.3623656464
"San Antonio-New Braunfels, TX Metro Area",1.4785894206549117,0.0981412156266885,2127.1430840908456,0.0,1236688.5270016466
"San Diego-Carlsbad, CA Metro Area",1.5743073047858942,0.08953667728752886,2083.7083020065547,0.0025125308500623363,1001352.6203612958
"San Luis Obispo-Paso Robles-Arroyo Grande, CA Metro Area",0.544080604534005,0.012477285704125277,927.1942398010424,0.0,576724.2146012227
"Santa Cruz-Watsonville, CA Metro Area",0.49622166246851385,0.009124953582246973,1067.9482966342034,0.0,502504.90385199024
"Seattle-Tacoma-Bellevue, WA Metro Area",1.591939546599496,0.12776885043522473,2334.6087249385873,0.017415973335368803,1356478.2792393537
"Sherman-Denison, TX Metro Area",0.3047858942065491,0.014477003554548847,1204.079959461996,0.0,574990.8425520699
"Shreveport-Bossier City, LA Metro Area",0.6826196473551637,0.022154928119786747,1638.4283805056552,0.0,796435.7789722353
"Sioux Falls, SD Metro Area",0.5415617128463476,0.022693331510457472,1826.669952344236,0.0,859052.8767536022
"Springfield, MA Metro Area",0.7531486146095717,0.016826788968523094,1466.8738389241028,0.0,729914.8124168462
"State College, PA Metro Area",0.6120906801007556,0.014427998429274133,1029.688976887623,0.0,556473.611384083
"Syracuse, NY Metro Area",0.9118387909319899,0.02184480854419076,1654.145270780117,0.0,684699.762656554
"Tampa-St. Petersburg-Clearwater, FL Metro Area",1.614609571788413,0.08729947361938295,2127.093736716448,0.002557056713227998,1156296.2020925719
"Trenton, NJ Metro Area",0.6272040302267002,0.014079767602493604,1914.199381513522,0.0,915659.3533954263
"Tucson, AZ Metro Area",1.234256926952141,0.04660458741751002,1907.5280625212529,0.0,990328.0514164773
"Tulsa, OK Metro Area",1.0780856423173804,0.05920086051992622,2172.4791090186686,0.0,1180768.9700891979
"Tyler, TX Metro Area",0.47858942065491183,0.025599681999424074,1399.6103212400312,0.0,815015.489438339
"Utica-Rome, NY Metro Area",0.5566750629722922,0.012168126823764752,1176.8784330344308,0.0,530663.2172335158
"Victoria, TX Metro Area",0.26448362720403024,0.009439141720450597,852.981093028243,0.0,504057.4619339263
"Virginia Beach-Norfolk-Newport News, VA-NC Metro Area",1.579345088161209,0.07363542390782774,2129.38749787071,0.0,1133171.853087338
"Waco, TX Metro Area",0.5415617128463476,0.02054538172507518,1296.0120833742858,0.0,632963.3553860284
"Walla Walla, WA Metro Area",0.2770780856423174,0.006986753705866373,722.671256632319,0.0,401323.3470160155
"Washington-Arlington-Alexandria, DC-VA-MD-WV Metro Area",1.7707808564231737,0.14230623407298418,2313.6319492075904,0.05063862809454749,1337395.0848777136
"Wichita, KS Metro Area",0.8387909319899244,0.032532823336362565,1918.268415306198,0.0,962408.3853272521
"Wichita Falls, TX Metro Area",0.6876574307304786,0.01688966398457162,1106.0008674039534,0.0,642736.3462056353
"Youngstown-Warren-Boardman, OH-PA Metro Area",0.7808564231738035,0.018852050922399086,1648.1712840415446,0.0,715775.5209299217
Outside Metro Area within U.S. or Puerto Rico,1.977329974811083,0.6180783692960843,2575.9883244185153,0.9470269445080529,1952651.8549996715
Africa,0.8161209068010076,2.0481486157030757e-127,1986.2001526869726,0.0,0.0
Asia,0.9697732997481108,2.0481486157030757e-127,2559.9865001629373,0.0,0.0
Central America,0.9168765743073047,2.0481486157030757e-127,2437.9107829139866,0.0,0.0
Europe,0.9596977329974811,2.0481486157030757e-127,2393.8330803896597,0.0,0.0
Northern America,0.7758186397984886,2.0481486157030757e-127,1754.9723791651263,0.0,0.0
Oceania and At Sea,0.6146095717884131,2.0481486157030757e-127,1405.264502543668,0.0,0.0
"Albany-Schenectady-Troy, NY Metro Area",0.9445843828715365,0.03413062042514639,1823.1566955500173,0.00246164414930158,907210.3305909077
"Aguadilla-Isabela, PR Metro Area",0.3047858942065491,0.0026337557186617384,688.2633230815578,0.0,260729.36631597916
"Arecibo, PR Metro Area",0.2040302267002519,0.0005256999384053051,662.5269400222501,0.0,232370.5986735716
"Barnstable Town, MA Metro Area",0.4080604534005038,0.005871973502972349,1413.4118054320484,0.0,512265.33980597596
"Guayama, PR Metro Area",0.13602015113350124,0.0005077903040015112,569.6025130336434,0.0,141830.53859985457
"Hartford-West Hartford-East Hartford, CT Metro Area",0.9571788413098237,0.025100263228128902,1579.7984540320872,0.004974174999363917,692837.9143705586
"Lebanon, PA Metro Area",0.35012594458438284,0.004133041120097819,550.9292351978315,0.0,279442.66353856114
"Manchester-Nashua, NH Metro Area",0.6397984886649873,0.020432913912968375,1737.0228046596678,0.0,775318.7038436949
"Mayagüez, PR Metro Area",0.1964735516372796,0.0015463482853330503,376.4580686788571,0.0,226981.3174694736
"Milwaukee-Waukesha-West Allis, WI Metro Area",1.18639798488665,0.04600450842045928,1981.1831060747459,0.007397654123094929,1025284.3455546979
"New Haven-Milford, CT Metro Area",0.8564231738035264,0.017052433984533648,1340.9301973505649,0.0,651722.6126042879
"Philadelphia-Camden-Wilmington, PA-NJ-DE-MD Metro Area",1.5642317380352644,0.08187572693271399,2202.504258312465,0.030442968730122383,1152078.6581387515
"Ponce, PR Metro Area",0.38287153652392947,0.004487281917591208,803.6122810968714,0.0,279176.6906265877
"Reading, PA Metro Area",0.5894206549118388,0.010534326823372,1304.0084119929875,0.0,655797.6575226428
"Rochester, NY Metro Area",1.035264483627204,0.039636951301755874,1820.92190586782,0.0,975694.0650984748
"Salinas, CA Metro Area",0.7732997481108312,0.013625307996903972,943.4066614787833,0.0,417310.188293708
"San Germán, PR Metro Area",0.1712846347607053,0.00029407099715979,491.3463321958775,0.0,113780.31211303305
"San Juan-Carolina-Caguas, PR Metro Area",0.8790931989924433,0.010991376094755404,1580.9697592002335,0.024845431646439205,465143.93913263717
"Sheboygan, WI Metro Area",0.33249370277078083,0.005839735471506337,707.8052587004518,0.0,366970.651631733
"Tallahassee, FL Metro Area",0.7758186397984886,0.027185351205849896,1489.969984092882,0.0,785648.5112728699
"Vineland-Bridgeton, NJ Metro Area",0.2695214105793451,0.0039629303748053004,1038.9332282644675,0.0,477833.53353041457
"Wilmington, NC Metro Area",0.6397984886649873,0.017412409531114673,1326.4136362761424,0.0,654049.9188442416
"Worcester, MA-CT Metro Area",0.760705289672544,0.019791878921101784,1820.7399207635071,0.0,866993.1285514298
Caribbean,0.7153652392947103,2.0481486157030757e-127,2259.4702850630624,0.0,0.0
South America,0.7556675062972292,2.0481486157030757e-127,2131.9681085627276,0.0,0.0
"Albany, OR Metro Area",0.2947103274559194,0.005001025474887786,862.3045107752504,0.0,316480.4548379762
"Akron, OH Metro Area",0.8085642317380353,0.018502791832843167,1558.7291286317475,0.0,767584.1340019004
"Altoona, PA Metro Area",0.30730478589420657,0.00445774869299984,718.5920746458775,0.0,289274.80140272167
"Ann Arbor, MI Metro Area",0.8866498740554156,0.024162589601522746,1807.9987955753336,0.0,914237.2138434479
"Asheville, NC Metro Area",0.836272040302267,0.026536303843312528,1513.6658408157127,0.0,841357.9026727886
"Athens-Clarke County, GA Metro Area",0.6397984886649873,0.02097305675453233,1486.8618591027969,0.0,897688.2913657693
"Auburn-Opelika, AL Metro Area",0.5541561712846348,0.017584203414261965,1063.5024508310212,0.0,700061.0612369678
"Bismarck, ND Metro Area",0.41561712846347604,0.014542363786833108,1264.820368774902,0.0,682024.9781193829
"Blacksburg-Christiansburg-Radford, VA Metro Area",0.5743073047858942,0.014255570899553791,1080.7868413510832,0.0,709486.5100249047
"Bloomington, IL Metro Area",0.5642317380352645,0.013931202492420303,1072.0549900597257,0.0,734781.368271042
"Bloomsburg-Berwick, PA Metro Area",0.30730478589420657,0.004870287589278413,882.640088245658,0.0,293544.56254478614
"Boulder, CO Metro Area",0.871536523929471,0.022906600974589526,1809.4889211419656,0.0,862068.8669156091
"Bridgeport-Stamford-Norwalk, CT Metro Area",0.8312342569269521,0.02584190282458423,1773.8274946680065,0.0003116810421596316,970499.5232205985
"Burlington-South Burlington, VT Metro Area",0.6020151133501259,0.01630960866401094,1298.2266554859973,0.0,690531.3427816583
"California-Lexington Park, MD Metro Area",0.35516372795969775,0.006341066471422672,875.4254523106471,0.0,533239.2094202588
"Canton-Massillon, OH Metro Area",0.5894206549118388,0.017412852785686706,1442.551515359706,0.0,719660.5555477521
"Cape Coral-Fort Myers, FL Metro Area",1.057934508816121,0.030800941225705647,1453.3884997854245,0.00246164414930158,749442.6520263609
"Carbondale-Marion, IL Metro Area",0.4458438287153652,0.01584129011661951,1325.696709481573,0.0,670118.1904945367
"Champaign-Urbana, IL Metro Area",0.6851385390428212,0.020604024676879377,1520.8962473157721,0.0,896487.0491839922
"Charleston, WV Metro Area",0.5188916876574308,0.010680106670015002,1230.7522915151237,0.0,552227.9355470297
"Cincinnati, OH-KY-IN Metro Area",1.3047858942065491,0.06424928785009207,2153.6466567719667,0.0,1173099.712710705
"Columbus, OH Metro Area",1.292191435768262,0.08707231416818095,2258.7687703722154,0.0,1306825.2091077182
"Corvallis, OR Metro Area",0.43828715365239296,0.007731406469454715,1074.1074337444293,0.0,520452.92345373734
"Decatur, IL Metro Area",0.32997481108312343,0.006114253615484899,953.7887765818483,0.0,357860.8874938249
"Deltona-Daytona Beach-Ormond Beach, FL Metro Area",1.0377833753148615,0.02587959706486618,1429.2881796795582,0.0,698973.3553328445
"Des Moines-West Des Moines, IA Metro Area",0.8312342569269521,0.041781736870848046,1907.2238856386948,0.0,1071427.3517446218
"Erie, PA Metro Area",0.6448362720403022,0.014525961988676873,1297.6723914971146,0.0,641726.7761610396
"Flint, MI Metro Area",0.6448362720403022,0.013058555212260275,1570.491543198676,0.0,709473.6993643373
"Florence-Muscle Shoals, AL Metro Area",0.3148614609571788,0.007892795556926515,1101.8925779662138,0.0,463604.8755256079
"Fort Collins, CO Metro Area",0.8639798488664987,0.025750378690828406,1450.294460098845,0.0,767650.4091487912
"Grand Island, NE Metro Area",0.2619647355163728,0.008104199525910828,1027.4930327235888,0.0,478420.887632268
"Green Bay, WI Metro Area",0.5314861460957179,0.011980533170587079,1471.0097805245996,0.0,565261.0443472452
"Hagerstown-Martinsburg, MD-WV Metro Area",0.544080604534005,0.010984714169582258,1267.2821909386166,0.0,749554.4849894195
"Homosassa Springs, FL Metro Area",0.47103274559193953,0.006395579769421418,802.6005760528743,0.0,386777.1060743859
"Huntington-Ashland, WV-KY-OH Metro Area",0.6272040302267002,0.016762505823285704,1650.610529069469,0.0,728467.2638760981
"Johnstown, PA Metro Area",0.42065491183879095,0.007592351995498252,1023.7494424425637,0.0,443503.6261517049
"Kalamazoo-Portage, MI Metro Area",0.6372795969773299,0.01891667603184625,1501.7458170187667,6.360837595094522e-06,706699.7478989848
"Lakeland-Winter Haven, FL Metro Area",0.9899244332493703,0.026093705316889298,1514.110525515704,0.0,738367.0602477121
"Lancaster, PA Metro Area",0.6750629722921914,0.009888001242913991,1105.7062521496218,0.0024934483372770527,582276.226973357
"Lansing-East Lansing, MI Metro Area",0.853904282115869,0.02954159355476152,1685.4092277571947,0.0,865162.2487756816
"Lexington-Fayette, KY Metro Area",0.9345088161209067,0.046016112812544474,2031.3390077291513,0.0,1102305.747557705
"Lima, OH Metro Area",0.35768261964735515,0.011360318500384351,1176.9840130878065,0.0,593382.1286962815
"Longview, WA Metro Area",0.2720403022670025,0.005493654470017111,982.2470499766335,0.0,370148.71133989765
"Louisville/Jefferson County, KY-IN Metro Area",1.1788413098236776,0.04491995857681837,2090.3971149752065,0.0,1069659.799800687
"Madison, WI Metro Area",0.906801007556675,0.03960923896029604,1937.0045855235883,0.0,995262.1454777541
"Mankato-North Mankato, MN Metro Area",0.3425692695214106,0.013036316108916656,1187.1690010425446,0.0,596152.2883492502
"Mansfield, OH Metro Area",0.28463476070528965,0.011253788380360499,1452.3590970752177,0.0,581448.956354833
"Midland, MI Metro Area",0.3350125944584383,0.0061941501465174464,777.9223642317658,0.0,381212.6776456809
"Monroe, MI Metro Area",0.34760705289672544,0.005273552227577416,969.9334513446804,0.0,501519.43861498806
"Morgantown, WV Metro Area",0.6045340050377833,0.012177678820402113,1193.743371281897,0.0,551877.3102856114
"Muncie, IN Metro Area",0.4005037783375315,0.014759235580168596,1174.0792692837558,0.0,650352.3431592181
"Myrtle Beach-Conway-North Myrtle Beach, SC-NC Metro Area",0.871536523929471,0.025512729488757685,1670.281468831526,0.0,793266.2782628865
"Naples-Immokalee-Marco Island, FL Metro Area",0.7707808564231737,0.016134459138021254,1063.5131560349214,0.0,530539.4058724709
"Nashville-Davidson--Murfreesboro--Franklin, TN Metro Area",1.415617128463476,0.08188337285034263,2216.0558782350777,0.0,1263371.2141588887
"New Orleans-Metairie, LA Metro Area",1.052896725440806,0.03544823689151102,1825.1134788995782,0.0025252525252525255,848382.5203948936
"North Port-Sarasota-Bradenton, FL Metro Area",1.105793450881612,0.032095192917062636,1483.6756236434765,0.00246164414930158,769813.1906200399
"Norwich-New London, CT Metro Area",0.6372795969773299,0.008548784454526882,959.0717784348744,0.0,401583.5814736567
"Parkersburg-Vienna, WV Metro Area",0.28211586901763225,0.005872487161475268,1183.3923974306663,0.0,387500.7887549909
"Pittsburgh, PA Metro Area",1.380352644836272,0.05531307063466116,2104.0551861018707,0.0,1092374.8860760657
"Portland-South Portland, ME Metro Area",0.8413098236775819,0.02924128511508539,1599.3232530937114,0.0,898175.9355352919
"Port St. Lucie, FL Metro Area",0.7909319899244333,0.020105176222821923,1421.5159294120792,0.002506170012467242,752034.5467071235
"Provo-Orem, UT Metro Area",0.9345088161209067,0.034563845195707155,1544.1421682548319,0.0,882224.6417710995
"Punta Gorda, FL Metro Area",0.5289672544080605,0.01208349526962376,993.4723385664518,0.0,510409.72672646056
"Richmond, VA Metro Area",1.1360201511335013,0.05000695691977306,1897.7795051935382,0.0,980163.8558132198
"Roanoke, VA Metro Area",0.5894206549118388,0.013787874683417982,1056.5429313165844,0.0,594904.6799081443
"Rockford, IL Metro Area",0.5894206549118388,0.011700304677155242,1499.2170625443077,0.0,654323.1752887274
"San Francisco-Oakland-Hayward, CA Metro Area",1.4609571788413098,0.09377627992411693,2063.9783460849844,0.030080400987201997,1025879.4109773163
"Santa Maria-Santa Barbara, CA Metro Area",0.7052896725440806,0.01743458169929286,1347.001061721164,0.0,689595.2636252928
"Savannah, GA Metro Area",0.9496221662468514,0.025151670567915,1587.9409431503034,0.0,770461.0508862975
"Sierra Vista-Douglas, AZ Metro Area",0.6423173803526449,0.010063575462658878,986.0625123138128,0.0,557708.0459929652
"South Bend-Mishawaka, IN-MI Metro Area",0.7002518891687657,0.015031786210066489,1043.2572560861583,1.2721675190189045e-05,599631.2649130301
"Springfield, OH Metro Area",0.36775818639798485,0.0069466699831278724,901.6504287525494,0.0,383946.8227993871
"Terre Haute, IN Metro Area",0.5239294710327456,0.011732961131823696,1212.3635959204687,0.0,566816.5017351519
"Texarkana, TX-AR Metro Area",0.3879093198992443,0.012994436785400413,1032.3275193464399,0.0,613441.9082814615
"Toledo, OH Metro Area",0.8085642317380353,0.03137706427198882,1830.2446951958357,0.0,950903.2735101968
"Urban Honolulu, HI Metro Area",1.2846347607052897,0.03793230494641199,1807.3337323396693,0.0,851233.1571931764
"Watertown-Fort Drum, NY Metro Area",0.7355163727959697,0.013615405628642161,1148.9480753785137,0.0,591356.2241363934
"Weirton-Steubenville, WV-OH Metro Area",0.42317380352644834,0.00618826135355865,530.7272819896908,0.0,365541.8675849449
"Wheeling, WV-OH Metro Area",0.35768261964735515,0.007398968161853378,856.3353089613848,0.0,439305.9950880974
"Winchester, VA-WV Metro Area",0.41309823677581864,0.006364717230976266,936.0951187132349,0.0,419706.59282143076
"York-Hanover, PA Metro Area",0.690176322418136,0.009019580176695838,891.9178923728547,0.004974174999363917,544857.1626481849
U.S. Island Areas,0.4634760705289672,2.0481486157030757e-127,934.3765289160061,0.0,0.0
"Alexandria, LA Metro Area",0.34005037783375314,0.008318283305163505,1006.6438778059564,0.0,477973.3273923922
"Albany, GA Metro Area",0.4030226700251889,0.011777154036511249,1171.0827963003492,0.0,543025.0837384274
"Anniston-Oxford-Jacksonville, AL Metro Area",0.33249370277078083,0.012576217423293299,1081.4311295139582,0.0,607121.4465768149
"Augusta-Richmond County, GA-SC Metro Area",1.0050377833753148,0.026583634940693684,1676.2311247997256,0.0,773866.440324402
"Bay City, MI Metro Area",0.25692695214105793,0.005327834764556311,916.639160355154,0.0,367879.64072109625
"Brunswick, GA Metro Area",0.3879093198992443,0.008845484198184471,915.0111346836218,0.0,447714.93618473766
"Cape Girardeau, MO-IL Metro Area",0.29219143576826195,0.011400629484821644,1255.98722474149,0.0,579774.9848550619
"Chattanooga, TN-GA Metro Area",0.7909319899244333,0.02372061908901405,1702.4777044842215,0.0,788068.5198911353
"Columbus, GA-AL Metro Area",1.0050377833753148,0.02681014425101656,1592.2155939691045,0.0,793361.1326132824
"Crestview-Fort Walton Beach-Destin, FL Metro Area",0.8916876574307304,0.01630165040334304,1340.5778059842135,0.0,593905.5997548734
"Dalton, GA Metro Area",0.2972292191435768,0.005868412703954916,744.8288648054714,0.0,337724.24250744516
"Dothan, AL Metro Area",0.48614609571788414,0.01044361280440876,1409.29536764057,0.0,569577.0923348174
"Florence, SC Metro Area",0.4105793450881612,0.008797240143616533,1072.6288583295773,0.0,476369.5925440086
"Goldsboro, NC Metro Area",0.44080604534005036,0.010352118606687158,1216.6735359719287,0.0,525582.9368835753
"Greenville-Anderson-Mauldin, SC Metro Area",1.0277078085642317,0.037443068809666344,1836.224823864994,0.0025188916876574307,959117.9615246463
"Harrisburg-Carlisle, PA Metro Area",0.8312342569269521,0.018458253658344477,1365.0246478805248,0.0025506958756329034,625444.3760460088
"Hattiesburg, MS Metro Area",0.3929471032745592,0.021266047134866486,1429.2521456851766,0.0,836503.5281795581
"Hinesville, GA Metro Area",0.5541561712846348,0.009667663618622029,822.4879407441297,0.0,460785.6348507104
"Houma-Thibodaux, LA Metro Area",0.28211586901763225,0.0052703204924026146,900.0349988146875,0.0,326164.45659559994
"Huntsville, AL Metro Area",0.7884130982367757,0.02021428154146587,1468.1997176788734,0.0,726975.9325070091
"Macon, GA Metro Area",0.48110831234256923,0.01311625509279991,1207.2138234657791,0.0,569357.0965935109
"Montgomery, AL Metro Area",0.707808564231738,0.024250718811216612,1481.3768811587795,0.0,835095.4126099364
"Saginaw, MI Metro Area",0.41309823677581864,0.010589494914715749,1252.6182283002174,0.0,537629.2738239288
"Sebring, FL Metro Area",0.37279596977329976,0.007056189955868992,928.7186073420506,0.0,378105.22902507056
"Valdosta, GA Metro Area",0.5314861460957179,0.013907761202223095,1125.5806039840518,0.0,626310.6584123665
"Warner Robins, GA Metro Area",0.5516372795969773,0.012150312931181705,1063.1870751801964,0.0,553478.4711994969
"Beckley, WV Metro Area",0.36775818639798485,0.007143685041383736,998.0348525675289,0.0,438520.1329486274
"Bend-Redmond, OR Metro Area",0.42317380352644834,0.010605710974221296,1441.1566176189363,0.0,504436.4067809983
"Bremerton-Silverdale, WA Metro Area",0.7229219143576826,0.018779678678933646,1510.4890469668167,0.0,654294.6271102056
"Chico, CA Metro Area",0.4433249370277078,0.011811374342895153,1118.7819561662052,0.0,497979.4567304856
"Coeur d'Alene, ID Metro Area",0.41561712846347604,0.013076709577204627,1343.729316898214,0.0,607774.4516364656
"Elkhart-Goshen, IN Metro Area",0.4030226700251889,0.008097412918672676,1226.0819121862128,0.0,458792.22337459633
"Eugene, OR Metro Area",0.7279596977329975,0.01953014116538238,1544.0546606603375,0.0,667291.028802056
"Grants Pass, OR Metro Area",0.2871536523929471,0.005076511749225923,631.3457444110121,0.0,301763.16404774284
"Harrisonburg, VA Metro Area",0.4105793450881612,0.00954792555709099,805.8251130224487,0.0,547244.6034485404
"Lake Havasu City-Kingman, AZ Metro Area",0.6196473551637279,0.01891079310174261,1269.7098646165925,0.0,614927.9427983142
"Manhattan, KS Metro Area",0.6095717884130982,0.016109772209067206,1427.7553631923483,0.0,692434.4825019988
"Medford, OR Metro Area",0.48110831234256923,0.014484727164529483,1230.0249258197598,0.00246164414930158,632966.6656479151
"Pine Bluff, AR Metro Area",0.2518891687657431,0.005754388252251664,917.0396750425019,0.0,368770.95151573175
"Salem, OR Metro Area",0.5869017632241813,0.018900130362044895,1660.1542835088653,0.004974174999363917,753224.9794025987
"Spokane-Spokane Valley, WA Metro Area",0.8790931989924433,0.03421154440587262,1665.9959510466358,0.0,940076.8710705809
"Yakima, WA Metro Area",0.38287153652392947,0.006534735091392995,1063.667536265808,0.0,333277.4148181381
"Atlantic City-Hammonton, NJ Metro Area",0.40554156171284633,0.006117293993274763,1278.1514868780994,0.0,536458.1851024363
"Binghamton, NY Metro Area",0.5314861460957179,0.01281872166387652,1128.327756156071,0.0,653415.9579252347
"Bloomington, IN Metro Area",0.5642317380352645,0.017464306386095977,1144.8505346319591,0.0,701456.9835358561
"Cleveland, TN Metro Area",0.3929471032745592,0.007482679400054664,976.8833458109165,0.0,412396.58311402524
"Columbia, MO Metro Area",0.6599496221662469,0.020870956545091607,1206.8590096311234,0.0,741348.8978915289
"Davenport-Moline-Rock Island, IA-IL Metro Area",0.7229219143576826,0.018780265927620065,1493.46973375539,0.0,724526.2941580013
"Dover, DE Metro Area",0.48110831234256923,0.006148515354309888,1296.9492592959584,0.0,540435.0741461492
"Duluth, MN-WI Metro Area",0.5818639798488665,0.019136768436198468,1497.2398154321165,0.0,740136.940699855
"Durham-Chapel Hill, NC Metro Area",0.9773299748110831,0.030921902442883255,1612.5439114425103,1.2721675190189045e-05,781799.4095595712
"Elmira, NY Metro Area",0.30982367758186397,0.007275075664185603,1097.5204164425559,0.0,438450.10534643126
"Evansville, IN-KY Metro Area",0.5491183879093199,0.018247401350910443,1564.045903478187,0.0,750314.6399544701
"Glens Falls, NY Metro Area",0.31989924433249367,0.00762519041213858,945.3571694915996,0.0,424341.65763272595
"Grand Forks, ND-MN Metro Area",0.5012594458438288,0.016074290251748516,1122.8922314498661,0.0,700935.1077295105
"Greeley, CO Metro Area",0.6523929471032746,0.02048233633788403,1524.757856219924,0.0,801018.7891416318
"Greensboro-High Point, NC Metro Area",0.8564231738035264,0.02815252208788185,1635.1242230080957,0.0025125308500623363,834080.5363277845
"Iowa City, IA Metro Area",0.5869017632241813,0.018562423898460387,1171.3881937037931,0.0,715661.7235036488
"Ithaca, NY Metro Area",0.5566750629722922,0.009921672126542788,849.9224882850832,0.0,455111.57830970973
"Jackson, MI Metro Area",0.380352644836272,0.009337143701359522,1051.5491366443687,0.0,488315.43638556503
"Jefferson City, MO Metro Area",0.38287153652392947,0.01682190355514992,1524.6158219839263,0.0,727243.5471705898
"Jonesboro, AR Metro Area",0.3224181360201511,0.016411099496390642,1471.293376277382,0.0,741731.8554302196
"Kingston, NY Metro Area",0.4282115869017632,0.008930243651905131,1422.3361774808047,0.0,701887.5854361762
"La Crosse-Onalaska, WI-MN Metro Area",0.4105793450881612,0.014331704816973708,1221.820465049583,0.0,669318.3409067596
"Lafayette-West Lafayette, IN Metro Area",0.7027707808564232,0.023628610906733197,1284.01878405151,0.0,804317.8330697574
"Lewiston-Auburn, ME Metro Area",0.3047858942065491,0.008001473234729703,1214.2191564494376,0.0,476176.253872963
"Logan, UT-ID Metro Area",0.4357682619647355,0.008361806448455883,841.0586506276946,0.0,427292.28067761945
"Michigan City-La Porte, IN Metro Area",0.29974811083123426,0.008679304563741084,731.3904325371116,0.0,564410.9845852144
"Modesto, CA Metro Area",0.5667506297229219,0.010733470057530644,1095.6511935149488,0.002436200798921202,497338.8440772591
"Niles-Benton Harbor, MI Metro Area",0.48614609571788414,0.005496285176723259,640.5636958122649,0.0,299150.33876759495
"Pittsfield, MA Metro Area",0.35012594458438284,0.004691736269389498,611.8972517906698,0.0,265137.28264117736
"Rapid City, SD Metro Area",0.5365239294710328,0.018394551652980366,1581.528277459867,0.0,774132.6613429752
"Salisbury, MD-DE Metro Area",0.5944584382871536,0.01502255313866562,1054.729525625505,0.0,605930.150635073
"San Jose-Sunnyvale-Santa Clara, CA Metro Area",1.105793450881612,0.04271425598995131,1912.8166812899892,0.005196804315192225,866022.0619022602
"Scranton--Wilkes-Barre--Hazleton, PA Metro Area",0.7531486146095717,0.016355070456912223,1396.7834893144118,0.0,656182.6054932313
"Sebastian-Vero Beach, FL Metro Area",0.5012594458438288,0.006878980882472299,575.1439408866472,0.0,327139.4130412971
"Spartanburg, SC Metro Area",0.5516372795969773,0.012059325674829778,1221.4064299728939,0.0,572291.9368013327
"Springfield, IL Metro Area",0.47858942065491183,0.012316479773783135,1312.150722763007,0.0,558508.0580663881
"Springfield, MO Metro Area",0.7884130982367757,0.044633662132919076,1860.39653681388,0.0,1101216.537537227
"Sumter, SC Metro Area",0.41309823677581864,0.006028062749301203,713.1362539285581,0.0,342832.2584077712
"The Villages, FL Metro Area",0.473551637279597,0.008534989432597492,553.9677679805764,0.0,386415.83799779695
"Yuba City, CA Metro Area",0.4534005037783375,0.006357538384224771,1070.945026733965,0.0,469107.2717144712
"Bellingham, WA Metro Area",0.49622166246851385,0.010023661564896645,1318.02374576804,0.0,657288.4984022884
"Billings, MT Metro Area",0.5113350125944585,0.018593602683504157,1590.2274445630578,0.0,775276.3047600803
"Carson City, NV Metro Area",0.2695214105793451,0.010241943867352285,873.7597346455728,0.0,541270.2178759022
"Cedar Rapids, IA Metro Area",0.5415617128463476,0.01334505623280232,1364.6800399103736,0.0,616898.5789212285
"Clarksville, TN-KY Metro Area",0.9899244332493703,0.02397743277613671,1747.066461371364,0.0,770979.305284611
"Fargo, ND-MN Metro Area",0.5289672544080605,0.031905018864553415,1682.260841123296,0.0,972642.810131101
"Farmington, NM Metro Area",0.327455919395466,0.005171271738667109,984.7648623406195,0.0,315663.27457232476
"Fayetteville-Springdale-Rogers, AR-MO Metro Area",0.7884130982367757,0.036092685081161625,1860.0162922130494,0.0,980780.5795482056
"Fort Smith, AR-OK Metro Area",0.5390428211586902,0.018071502415745424,1624.7560902669197,0.0,748278.3686570951
"Fort Wayne, IN Metro Area",0.6700251889168766,0.022539456934147162,1753.6446696966916,0.0,840951.8552416828
"Gainesville, FL Metro Area",0.760705289672544,0.020748378538736616,1538.768588429067,0.0,651310.7160070112
"Great Falls, MT Metro Area",0.4105793450881612,0.008722095766767581,1226.5862053427227,0.0,501082.41203590494
"Jackson, MS Metro Area",0.6977329974811083,0.03959392732566548,1984.8890835196555,0.0,1066161.5183184773
"Kennewick-Richland, WA Metro Area",0.4937027707808564,0.014277902488178035,1273.811819408302,0.0,615741.1953485211
"Kokomo, IN Metro Area",0.21158690176322417,0.005466681786170775,1046.6627122875936,0.0,338386.02335587447
"Lafayette, LA Metro Area",0.5465994962216625,0.023196105992742213,1479.862496635107,0.0,805199.503211159
"Lincoln, NE Metro Area",0.6801007556675063,0.029980554947933807,1691.2512791466886,0.0,949182.2464478684
"Missoula, MT Metro Area",0.47103274559193953,0.018523890097103837,1591.2183723959301,0.0,779229.6030008986
"Mount Vernon-Anacortes, WA Metro Area",0.4005037783375315,0.007878265157309666,1110.0963354132557,0.0,472348.57493395585
"Napa, CA Metro Area",0.3904282115869018,0.004090130483974432,879.694904531366,0.0,281881.72678000585
"New Bern, NC Metro Area",0.5919395465994962,0.01196522543716422,1238.146343633492,0.0,538600.8116942144
"Ogden-Clearfield, UT Metro Area",0.8463476070528967,0.020068509402739586,1636.822013129253,2.544335038037809e-05,698132.08940133
"Olympia-Tumwater, WA Metro Area",0.6372795969773299,0.026029997902977567,1583.1198334134285,0.0,819847.8381501477
"Peoria, IL Metro Area",0.7027707808564232,0.014401910979767037,1514.7168551637506,0.0,590210.2404080374
"Pueblo, CO Metro Area",0.43073047858942065,0.010492771835302435,1114.085891366082,0.0,512857.33980207104
"Racine, WI Metro Area",0.380352644836272,0.006738151403100667,1180.9000313862387,0.0,469256.16091975226
"Santa Fe, NM Metro Area",0.5390428211586902,0.011453945755120735,1042.4222760490916,0.0,535212.6431471457
"Santa Rosa, CA Metro Area",0.6423173803526449,0.017416256063384455,1416.4685698494773,0.0,641513.5507373675
"Vallejo-Fairfield, CA Metro Area",0.7128463476070529,0.014814605632120129,1513.9830858732953,0.00246164414930158,694472.4789844612
"Visalia-Porterville, CA Metro Area",0.5239294710327456,0.009335920683867436,964.4206411700438,0.0,390572.9655780357
"Yuma, AZ Metro Area",0.5969773299748111,0.009334203266722126,927.8815602634237,0.0,448545.3133125358
"Hammond, LA Metro Area",0.22670025188916876,0.00534612031362179,789.5053740402113,0.0,493893.9957730399
"Johnson City, TN Metro Area",0.44836272040302266,0.009629877033658018,1079.03967150679,0.0,505412.7170333414
"Merced, CA Metro Area",0.38287153652392947,0.0070223002070868325,729.5713169560768,0.0,380430.1979135969
"Pocatello, ID Metro Area",0.31989924433249367,0.008351944665729732,1072.9594576599889,0.0,477145.34687313234
"Winston-Salem, NC Metro Area",0.8816120906801007,0.022275889838564177,1645.8240440256488,0.0,738554.8189892913
"Casper, WY Metro Area",0.3148614609571788,0.01085449235856263,1226.9895522491806,0.0,583440.1650107995
"Chambersburg-Waynesboro, PA Metro Area",0.36272040302267,0.004624703933989521,848.92063448469,0.0,241495.17951273054
"Charlottesville, VA Metro Area",0.7204030226700252,0.014365562407312352,994.7813443635315,0.0,623436.7800622567
"East Stroudsburg, PA Metro Area",0.35516372795969775,0.005212444941698959,958.0605908451262,0.0,535257.1692922654
"Elizabethtown-Fort Knox, KY Metro Area",0.5969773299748111,0.013412558946413557,1133.9806187127178,0.0,582858.7889590377
"Gettysburg, PA Metro Area",0.30982367758186397,0.0021675776746543527,650.6115739158868,0.0,239811.6553220633
"Hanford-Corcoran, CA Metro Area",0.4005037783375315,0.008346745042884894,886.7579470012905,0.0,404280.4438563209
"Morristown, TN Metro Area",0.35516372795969775,0.009221373545847008,983.6726571261214,0.0,491889.85374768643
"Ocean City, NJ Metro Area",0.36272040302267,0.002497763783152784,635.6160069702182,0.0,348297.72976148064
"Staunton-Waynesboro, VA Metro Area",0.3249370277078086,0.00617177727546032,753.2505116408602,0.0,370064.8031156056
"Stockton-Lodi, CA Metro Area",0.707808564231738,0.019382622696017288,1356.6277770936013,0.00010177340152151236,730422.4558524928
"Topeka, KS Metro Area",0.473551637279597,0.012308788498460968,1252.3054079800374,0.0,594277.3570899821
"Williamsport, PA Metro Area",0.3778337531486146,0.007469534039723376,1035.057749814652,0.0,447625.82452320907
"Fond du Lac, WI Metro Area",0.2720403022670025,0.005494081489631413,782.842115549103,0.0,357367.7764941462
"Grand Junction, CO Metro Area",0.508816120906801,0.016075777720103535,1233.358573249415,0.0,674801.4008790604
"Madera, CA Metro Area",0.2795969773299748,0.004182762146985326,1096.3777800725654,0.0,383014.12027402455
"Owensboro, KY Metro Area",0.26700251889168763,0.006462355856751919,1051.59790044509,0.0,414461.25876830844
"St. Cloud, MN Metro Area",0.38539042821158687,0.02292266495775761,1543.7161826510885,0.0,873073.9870189914
"Ames, IA Metro Area",0.47103274559193953,0.01839756984969438,1216.1774111192178,0.0,744009.0619416578
"Appleton, WI Metro Area",0.38287153652392947,0.008926227479459245,1415.4884220153922,0.0,486856.9912618835
"Danville, IL Metro Area",0.25692695214105793,0.0033658258668785167,707.2949358493385,0.0,222869.22702253057
"Dubuque, IA Metro Area",0.3375314861460957,0.007553231803231155,907.2854853847565,0.0,432685.38005829527
"Eau Claire, WI Metro Area",0.3350125944584383,0.018876525652990087,1395.3819287499148,0.0,784571.2667785966
"Oshkosh-Neenah, WI Metro Area",0.3904282115869018,0.011843125303981322,1265.5168106165386,0.0,593043.5208089529
"Rochester, MN Metro Area",0.526448362720403,0.015942803519630754,1486.1211775760544,0.0,685151.6950164472
"Sioux City, IA-NE-SD Metro Area",0.3778337531486146,0.01143598020554329,1376.379820979038,0.0,598997.3137688653
"Waterloo-Cedar Falls, IA Metro Area",0.44080604534005036,0.015278676539688183,1389.642872326216,0.0,700263.7708409888
"Wausau, WI Metro Area",0.31989924433249367,0.010863000444234407,1319.149144847373,0.0,569798.0894426598
"Bangor, ME Metro Area",0.4181360201511335,0.018341036383092278,1326.298972125422,0.0,775750.7434791874
"El Centro, CA Metro Area",0.29219143576826195,0.00423664494076868,908.2765411125066,0.0,295015.21703703835
"Greenville, NC Metro Area",0.43073047858942065,0.018257877704221055,1321.5802464543076,0.0,723311.9632776215
"Idaho Falls, ID Metro Area",0.3778337531486146,0.010839494220885136,1328.9554998143842,0.0,558754.024337671
"Janesville-Beloit, WI Metro Area",0.40554156171284633,0.006717123647106512,1078.1699779616802,0.0,349952.0960637481
"Lewiston, ID-WA Metro Area",0.2317380352644836,0.005489665918706545,926.3811854890953,0.0,365677.91421413294
"Rome, GA Metro Area",0.30226700251889166,0.009195103224277327,1030.4316552965772,0.0,466519.9042327827
"Battle Creek, MI Metro Area",0.45591939546599497,0.005815923236345015,1027.6559114076267,0.0,341047.7609463263
"Burlington, NC Metro Area",0.42317380352644834,0.004263424902983302,866.0512839011344,0.0,347354.3426624918
"Hickory-Lenoir-Morganton, NC Metro Area",0.6045340050377833,0.01764132540705253,1463.2717522950343,0.0,714279.6965534532
"Kankakee, IL Metro Area",0.3148614609571788,0.005242340021019762,959.8504940910326,0.0,525382.2220821448
"Muskegon, MI Metro Area",0.397984886649874,0.011717513043286673,1290.5703619198935,0.0,582938.6929625623
"Tuscaloosa, AL Metro Area",0.5994962216624685,0.013859765218476228,1128.8150099074605,0.0,576383.3852201254
"Bowling Green, KY Metro Area",0.4105793450881612,0.02029534497077893,1229.5874214780406,0.0,792588.8115058754
"Daphne-Fairhope-Foley, AL Metro Area",0.5113350125944585,0.009772481238510405,936.5912748422373,0.0,488985.23034293525
"Decatur, AL Metro Area",0.30730478589420657,0.005799639896664455,800.302819371816,0.0,356412.4217684401
"Gadsden, AL Metro Area",0.23425692695214106,0.007418800379132045,996.8457289853834,0.0,455490.7240820323
"Mobile, AL Metro Area",0.6649874055415617,0.008826282708373573,1112.6250176651165,0.0,420893.3367291406
"Kingsport-Bristol-Bristol, TN-VA Metro Area",0.5743073047858942,0.018901571303802427,1315.6272742990952,0.0,772026.9921415278
"Rocky Mount, NC Metro Area",0.327455919395466,0.00796323677826147,1247.446200670076,0.0,442019.5056154455
"Columbus, IN Metro Area",0.30226700251889166,0.005311992951249048,805.6889558792735,0.0,307822.2018536612
"Hot Springs, AR Metro Area",0.29219143576826195,0.009628826869246357,1093.9128897022424,0.0,507652.7536032577
"Jackson, TN Metro Area",0.4181360201511335,0.008321185211206254,1340.5758850537627,0.0,460555.7683234498
"Kahului-Wailuku-Lahaina, HI Metro Area",0.45591939546599497,0.005908794762942981,701.8322160110458,0.0,305912.95553129294
"Laredo, TX Metro Area",0.3224181360201511,0.004787721234449012,972.2720707463884,0.0,244697.833775681
"Wenatchee, WA Metro Area",0.2896725440806045,0.004403096404642806,1058.6859463406622,0.0,283487.22368904407
"Cumberland, MD-WV Metro Area",0.2795969773299748,0.004082502270568551,648.8844457167463,0.0,256125.58206499927
"St. George, UT Metro Area",0.3954659949622166,0.010618670309100324,1029.7630553370598,0.0,466520.0951348632
"St. Joseph, MO-KS Metro Area",0.3249370277078086,0.014174178613023202,1044.4666331923459,0.0,646458.5233071276
