metro,white_nonhisp_value,white_nonhisp_rank,other_nonhisp_value,other_nonhisp_rank,hisp_value,hisp_rank
"Washington-Arlington-Alexandria, DC-VA-MD-WV Metro Area",0.022387806745677703,1,0.029507874331966947,3,0.017776195330058746,11
"New York-Newark-Jersey City, NY-NJ-PA Metro Area",0.021902297223736485,2,0.03263005696058014,2,0.030996320186603307,2
"Dallas-Fort Worth-Arlington, TX Metro Area",0.021891046640609573,3,0.028628515294654874,4,0.027473355787350773,5
"Chicago-Naperville-Elgin, IL-IN-WI Metro Area",0.0186984549848003,4,0.021891349757616377,7,0.019046019137287536,9
"Los Angeles-Long Beach-Anaheim, CA Metro Area",0.01808283358056911,5,0.027253507336002302,5,0.03302732543449284,1
"Phoenix-Mesa-Scottsdale, AZ Metro Area",0.017330840533339012,6,0.012704103532261951,14,0.019527974198553975,8
"Houston-The Woodlands-Sugar Land, TX Metro Area",0.01651822007352917,7,0.025387713032460527,6,0.02940887693343807,4
"Atlanta-Sandy Springs-Roswell, GA Metro Area",0.01649499981157379,8,0.03763058547589895,1,0.01399904072588937,13
"Denver-Aurora-Lakewood, CO Metro Area",0.015270206239735991,9,0.007510597421549452,29,0.010467447630633255,20
"Seattle-Tacoma-Bellevue, WA Metro Area",0.014185900460964594,10,0.015443102072216166,10,0.012544767194969214,15
"Philadelphia-Camden-Wilmington, PA-NJ-DE-MD Metro Area",0.013511222304228786,11,0.0156770066157585,9,0.012396194037987385,16
"Boston-Cambridge-Newton, MA-NH Metro Area",0.012360369396225987,12,0.01018126533029503,19,0.008037439039659823,23
"Minneapolis-St. Paul-Bloomington, MN-WI Metro Area",0.011774396915193056,13,0.011509133331434952,16,0.0065424065293729775,27
"Tampa-St. Petersburg-Clearwater, FL Metro Area",0.011719870884061939,14,0.007158761890299803,31,0.01202504930491056,17
"Miami-Fort Lauderdale-West Palm Beach, FL Metro Area",0.011691284179020779,15,0.013273372573588878,12,0.02400999702155239,6
"Austin-Round Rock, TX Metro Area",0.010957272630463801,16,0.009968289742988426,20,0.016623411773408685,12
"San Francisco-Oakland-Hayward, CA Metro Area",0.010202068763662487,17,0.015701171665714483,8,0.010600795552389115,18
"Riverside-San Bernardino-Ontario, CA Metro Area",0.010114884194073597,18,0.014995660494152406,11,0.029444127986820536,3
"San Diego-Carlsbad, CA Metro Area",0.009912977196440501,19,0.009340266402605832,22,0.012747992441149648,14
"Charlotte-Concord-Gastonia, NC-SC Metro Area",0.009883499177480272,20,0.013186443690915898,13,0.007027835949888816,25
"Orlando-Kissimmee-Sanford, FL Metro Area",0.009776044380824645,21,0.009795502355193714,21,0.01885219820850576,10
"Portland-Vancouver-Hillsboro, OR-WA Metro Area",0.009338254762088303,22,0.0063392800682961275,34,0.005728799956777511,33
"Virginia Beach-Norfolk-Newport News, VA-NC Metro Area",0.009141404096161739,23,0.01105958969268194,17,0.008267492318974648,22
"Nashville-Davidson--Murfreesboro--Franklin, TN Metro Area",0.009137799954423721,24,0.005127677056012804,42,0.005492435508510456,36
"Baltimore-Columbia-Towson, MD Metro Area",0.008427866184128552,25,0.012436736581660175,15,0.005164120256887269,40
"Detroit-Warren-Dearborn, MI Metro Area",0.00777892210347874,26,0.008837362295186673,23,0.0044100995665230505,45
"San Antonio-New Braunfels, TX Metro Area",0.007644023185871376,27,0.007878852486073451,27,0.02396933266751751,7
"Kansas City, MO-KS Metro Area",0.007573491113933919,28,0.006674956825291995,33,0.005588909780195207,35
"St. Louis, MO-IL Metro Area",0.007514122846613217,29,0.007680031804833254,28,0.003989131986376227,52
"Indianapolis-Carmel-Anderson, IN Metro Area",0.007192221656685294,30,0.0060237886814220485,36,0.004097938037097229,49
"Jacksonville, FL Metro Area",0.007165138206603381,31,0.006121639215979584,35,0.005738675537759676,32
"Cincinnati, OH-KY-IN Metro Area",0.007070167945864587,32,0.005701420603708023,40,0.0037129518776152677,57
"Columbus, OH Metro Area",0.007029040912110683,33,0.007441070987946048,30,0.004502855526197417,44
"Las Vegas-Henderson-Paradise, NV Metro Area",0.006750795336214587,34,0.01055554542355814,18,0.009417776417951534,21
"Pittsburgh, PA Metro Area",0.006590563421128069,35,0.004926769998358421,44,0.0030144937304174627,72
"North Port-Sarasota-Bradenton, FL Metro Area",0.006218346956859527,36,0.001997042652972594,109,0.0036787395870575036,58
"Colorado Springs, CO Metro Area",0.005592107145339636,37,0.0043735788288743185,47,0.005311790995989552,39
"Sacramento--Roseville--Arden-Arcade, CA Metro Area",0.005526588329129575,38,0.008303804301934267,25,0.006340858201648681,29
"Richmond, VA Metro Area",0.005221962776149389,39,0.008156768573741284,26,0.003040889040554232,71
"Tucson, AZ Metro Area",0.004936206481221348,40,0.0035658750936385054,56,0.006312983559913922,30
"Columbia, SC Metro Area",0.0048801113399478254,41,0.007079792058796808,32,0.0028941077233471356,77
"Raleigh, NC Metro Area",0.004790016862972242,42,0.0053796239595380645,41,0.00388343141416543,54
"Oklahoma City, OK Metro Area",0.004758627594856089,43,0.005799058828965906,39,0.005323879026749676,38
"Charleston-North Charleston, SC Metro Area",0.004746499832225656,44,0.003225525294077194,61,0.0025198625943055717,89
"Birmingham-Hoover, AL Metro Area",0.004690340483245396,45,0.005103037761612137,43,0.0027934106980425947,80
"Greenville-Anderson-Mauldin, SC Metro Area",0.0046140057452956134,46,0.0029155987297542975,71,0.001982985797748272,116
"Knoxville, TN Metro Area",0.004518467078581993,47,0.0021524539336989727,97,0.002415068280765562,93
"New Orleans-Metairie, LA Metro Area",0.004479728387339603,48,0.005875677826548527,38,0.003634184616820954,59
"Providence-Warwick, RI-MA Metro Area",0.004430626288024862,49,0.00300966234359215,69,0.00339662075070492,63
"Cape Coral-Fort Myers, FL Metro Area",0.0043531907175257505,50,0.0027299686856083224,75,0.004974481140778619,41
"Salt Lake City, UT Metro Area",0.004236591943224885,51,0.0025104901676367957,85,0.0030764640537431992,68
"Fort Collins, CO Metro Area",0.004212757769752052,52,0.00169180256915331,132,0.002362816891423511,95
"Louisville/Jefferson County, KY-IN Metro Area",0.004159492593590558,53,0.0031743712808928403,65,0.0017909760046230527,130
"Urban Honolulu, HI Metro Area",0.004147843197783633,54,0.005904944722883156,37,0.003812815425679153,55
"San Jose-Sunnyvale-Santa Clara, CA Metro Area",0.0040605971324987845,55,0.008798550570602673,24,0.005943678146252605,31
"Milwaukee-Waukesha-West Allis, WI Metro Area",0.0040503489512758156,56,0.003608053074691171,55,0.0028839513309826693,78
"Cleveland-Elyria, OH Metro Area",0.004036669367232388,57,0.004684837564121608,46,0.004300559041564567,46
"Madison, WI Metro Area",0.003967922782653966,58,0.002901901984180293,72,0.002653442155988281,85
"Grand Rapids-Wyoming, MI Metro Area",0.0037953967405339366,59,0.002628005965304148,79,0.002274812387632252,98
"Pensacola-Ferry Pass-Brent, FL Metro Area",0.0036997257455312236,60,0.002604786338040709,80,0.0027610440281088957,81
"Dayton, OH Metro Area",0.0036127189444783913,61,0.0035081093675355733,57,0.001758131887799977,135
"Durham-Chapel Hill, NC Metro Area",0.0034960973872193986,62,0.00429412623356627,48,0.002313634214127823,97
"Deltona-Daytona Beach-Ormond Beach, FL Metro Area",0.003492510268048024,63,0.002078368217239091,103,0.0027396197154704437,82
"College Station-Bryan, TX Metro Area",0.0034846790652030947,64,0.0024686017549094084,90,0.0036324302331272994,60
"Omaha-Council Bluffs, NE-IA Metro Area",0.0034605838728847265,65,0.0028020623536693192,74,0.0030700835827636177,69
"Palm Bay-Melbourne-Titusville, FL Metro Area",0.003390406750021298,66,0.0018069096581285694,122,0.0023428477216762464,96
"Boise City, ID Metro Area",0.003336870164033627,67,0.0015241386843743608,143,0.002172892700388186,104
"Salem, OR Metro Area",0.0033075470011761183,68,0.0022927853363638685,95,0.0026933927422626556,83
"Killeen-Temple, TX Metro Area",0.003281292958126906,69,0.00403138043847052,52,0.005592628718216474,34
"Tulsa, OK Metro Area",0.0032663447636022457,70,0.003793125792018892,53,0.002439459882096972,91
"Lakeland-Winter Haven, FL Metro Area",0.00323366583712437,71,0.002592143383779881,82,0.0047483948733917985,42
"Provo-Orem, UT Metro Area",0.003187610912557821,72,0.0011478917512502086,194,0.0015183959688810404,155
"Ann Arbor, MI Metro Area",0.0031861849225905932,73,0.0033305656923536702,60,0.001524976849537721,153
"Baton Rouge, LA Metro Area",0.0031326989922218647,74,0.004203296655340574,51,0.001460243109421972,161
"Asheville, NC Metro Area",0.0031001335485633386,75,0.0013745050337030888,164,0.0019144855549002835,121
"Boulder, CO Metro Area",0.0030926722371541118,76,0.001353012678996513,167,0.0018349099760406847,127
"Memphis, TN-MS-AR Metro Area",0.0030886811175542942,77,0.0048479276447956745,45,0.0020165648411952894,114
"Rochester, NY Metro Area",0.0030463169316362194,78,0.0025267740310663213,84,0.0016730351420820898,143
"Hartford-West Hartford-East Hartford, CT Metro Area",0.0030431350089696147,79,0.0031998425294215405,62,0.0035213684174180905,62
"Greensboro-High Point, NC Metro Area",0.0030132024808481868,80,0.004239894452109873,50,0.0017908746605516963,131
"Augusta-Richmond County, GA-SC Metro Area",0.0029174318169677893,81,0.004250211892173728,49,0.0019205419941316082,120
"Port St. Lucie, FL Metro Area",0.00290349615387924,82,0.00188551029216172,118,0.002914556947104835,76
"Winston-Salem, NC Metro Area",0.0028240176855362366,83,0.0031936657085977886,63,0.0013980716145983215,165
"Albany-Schenectady-Troy, NY Metro Area",0.00281641073899975,84,0.0025012626460317574,86,0.0015856168888275393,146
"Eugene, OR Metro Area",0.00280210983652274,85,0.002123757353920728,98,0.0012796202037806653,174
"Lexington-Fayette, KY Metro Area",0.0027937734140222347,86,0.0016947693687201617,131,0.0015058999231337246,156
"Spokane-Spokane Valley, WA Metro Area",0.0026908148889986648,87,0.001940042381585579,114,0.0017813250239598387,132
"Savannah, GA Metro Area",0.002671097684137254,88,0.0031911370490982183,64,0.0016316762264542174,144
"Springfield, MO Metro Area",0.002635876167483234,89,0.0012736201822038007,178,0.002084994120584924,107
"Fayetteville-Springdale-Rogers, AR-MO Metro Area",0.0026355463640246346,90,0.00259593007124701,81,0.0016875866138795844,140
"Little Rock-North Little Rock-Conway, AR Metro Area",0.0026032637579498576,91,0.0026426134584272166,78,0.0019497699558038914,119
"Ogden-Clearfield, UT Metro Area",0.0026014817568000034,92,0.000842304966228632,268,0.002673978134444384,84
"Oxnard-Thousand Oaks-Ventura, CA Metro Area",0.0025965034489055542,93,0.0019010478589258362,117,0.004059661564876479,50
"Albuquerque, NM Metro Area",0.002588337512997215,94,0.002006973162550447,107,0.005353781660611817,37
"Chattanooga, TN-GA Metro Area",0.002581629245390731,95,0.0017585892081730568,126,0.0020666358320794312,109
"Allentown-Bethlehem-Easton, PA-NJ Metro Area",0.002524389481506219,96,0.002105459084156307,99,0.003893340348589653,53
"Ocala, FL Metro Area",0.002505441331425369,97,0.0019048579650921007,116,0.0020832074849756604,108
"Columbus, GA-AL Metro Area",0.0024878654532257995,98,0.003031775586187619,67,0.002176046073179749,103
"Harrisburg-Carlisle, PA Metro Area",0.0024619502343226863,99,0.0024708372637875977,89,0.001683586022696752,141
"Greeley, CO Metro Area",0.0024599835312902564,100,0.001064176869280935,205,0.0024882810800214926,90
"San Luis Obispo-Paso Robles-Arroyo Grande, CA Metro Area",0.0024207050411265254,101,0.0016812914666995233,134,0.002432441369903773,92
"Portland-South Portland, ME Metro Area",0.002420021383694959,102,0.0009984916440569228,221,0.0008888036058724302,241
"Bridgeport-Stamford-Norwalk, CT Metro Area",0.002413723105907839,103,0.002300835910077954,94,0.003045734234921119,70
"Lafayette, LA Metro Area",0.002407639056336001,104,0.0024924514963186083,87,0.0013556499127742663,169
"Akron, OH Metro Area",0.002405458838872295,105,0.001841612979122242,119,0.0013304590487977857,171
"Bakersfield, CA Metro Area",0.002369169284439758,106,0.0030296399324247773,68,0.006926843159523834,26
"Wilmington, NC Metro Area",0.0023651890923212745,107,0.0012883207676861487,175,0.0010843098812267976,202
"Blacksburg-Christiansburg-Radford, VA Metro Area",0.00234137318649749,108,0.0013406303202568627,170,0.0007479808782336419,281
"Punta Gorda, FL Metro Area",0.002317137460986877,109,0.0008466929005300889,266,0.0009016224997941543,239
"Springfield, MA Metro Area",0.002310792738659065,110,0.001622398436374517,139,0.0025236538405191272,88
"Prescott, AZ Metro Area",0.0023095594915377776,111,0.000985657979443965,226,0.0014324073291199632,163
"Myrtle Beach-Conway-North Myrtle Beach, SC-NC Metro Area",0.0023059488791500778,112,0.0010137300073383955,217,0.0011940176961277684,187
"Champaign-Urbana, IL Metro Area",0.002279947642823992,113,0.0021027423442007364,101,0.0015188132130189171,154
"Lansing-East Lansing, MI Metro Area",0.0022679582882350704,114,0.0018390187896445433,120,0.0009334129003743234,230
"Tallahassee, FL Metro Area",0.0022639719505688867,115,0.0030767705090435,66,0.0017062960530743491,139
"Jacksonville, NC Metro Area",0.0022416362387575233,116,0.00113603300404824,195,0.0020215896817538876,113
"Santa Maria-Santa Barbara, CA Metro Area",0.002236604696862528,117,0.002001087002854545,108,0.0035367927656291052,61
"Des Moines-West Des Moines, IA Metro Area",0.002222271586049727,118,0.0019246413529036722,115,0.001578070622955205,149
"Clarksville, TN-KY Metro Area",0.002213161543474411,119,0.0024379820579329566,91,0.0020274501298325324,112
"Bloomington, IN Metro Area",0.0021959778856497814,120,0.0013768049697203896,163,0.000828188041326568,265
"Corpus Christi, TX Metro Area",0.0021923519523678447,121,0.0013028747841888526,174,0.0040237012536408915,51
"Lubbock, TX Metro Area",0.002160803467238702,122,0.001940877744768246,112,0.002929968682266311,75
"Albany, OR Metro Area",0.0021583359745350494,123,0.0013741907238581388,165,0.0008615795475893882,249
"Athens-Clarke County, GA Metro Area",0.002149427684173839,124,0.0017869914791876222,125,0.0009874501305316631,221
"Lancaster, PA Metro Area",0.0021044567705412534,125,0.0011046842218862198,199,0.0015817553645117797,147
"New Haven-Milford, CT Metro Area",0.0020929148719515812,126,0.0024299930323218723,92,0.003245447857946808,64
"Charlottesville, VA Metro Area",0.0020897850071109974,127,0.0019526711154519442,111,0.0009701176871722027,225
"Lake Havasu City-Kingman, AZ Metro Area",0.0020885212222738394,128,0.0008439293661553408,267,0.0017715459067763444,133
"Shreveport-Bossier City, LA Metro Area",0.002083538617267366,129,0.0018280970911209783,121,0.0012475312291565543,180
"Syracuse, NY Metro Area",0.002083403377918601,130,0.0016414174414821866,136,0.0011424727970533635,193
"Huntsville, AL Metro Area",0.0020795191289682156,131,0.0026644605636571674,76,0.001981006833659963,117
"Waco, TX Metro Area",0.0020372956106001166,132,0.0014908521538194541,148,0.0021050408133289557,106
"Santa Rosa, CA Metro Area",0.002028995098123491,133,0.0009035965966478865,253,0.0020380091430507595,111
"Naples-Immokalee-Marco Island, FL Metro Area",0.0020143171752476045,134,0.0009823101945422616,229,0.003166766902853995,66
"Bremerton-Silverdale, WA Metro Area",0.0020036933056336095,135,0.0014938672032536033,147,0.0014323958444086987,164
"Olympia-Tumwater, WA Metro Area",0.0019913607239252524,136,0.0013291940349233872,171,0.0019511002011947973,118
"Fresno, CA Metro Area",0.001967754877002628,137,0.002866718329774984,73,0.0071185387213856775,24
"Salisbury, MD-DE Metro Area",0.0019643260703246777,138,0.0019402144753715,113,0.0011775703948184667,188
"Tuscaloosa, AL Metro Area",0.0019549442863442995,139,0.0017089903230290476,130,0.0010211815180552447,215
"Crestview-Fort Walton Beach-Destin, FL Metro Area",0.0019447529913926035,140,0.0013854491913293172,161,0.0015805811921672046,148
"Vallejo-Fairfield, CA Metro Area",0.0019426591242645425,141,0.00348350005863447,58,0.0028264224692524675,79
"Hilton Head Island-Bluffton-Beaufort, SC Metro Area",0.0019351355517817914,142,0.0015089581034507917,144,0.000916078005371531,236
"Buffalo-Cheektowaga-Niagara Falls, NY Metro Area",0.0019350962356752502,143,0.002087367869941608,102,0.001385875172836747,166
"Stockton-Lodi, CA Metro Area",0.001932409907890079,144,0.0037070291453848215,54,0.004669296669987592,43
"Roanoke, VA Metro Area",0.001928931394382377,145,0.0014964330415201284,146,0.0007988318053899438,270
"Lynchburg, VA Metro Area",0.0019255622062308623,146,0.001442452726935726,155,0.0007008861306099148,292
"Kalamazoo-Portage, MI Metro Area",0.0019052801543217347,147,0.0014849696155007416,149,0.0013702297486747122,168
"Flagstaff, AZ Metro Area",0.001888094172959633,148,0.001255616174553958,181,0.0016111940127288456,145
"Lincoln, NE Metro Area",0.0018874072698593207,149,0.001203420720637294,185,0.0012188350819778277,184
"St. Cloud, MN Metro Area",0.0018812253931058042,150,0.0016720148173190834,135,0.0012663121690902148,177
"Gainesville, FL Metro Area",0.001878452335166851,151,0.0020496219517479033,105,0.0014789157195366604,158
"Manchester-Nashua, NH Metro Area",0.0018693587259921653,152,0.0008936329817403209,255,0.0010283370772148795,214
"Auburn-Opelika, AL Metro Area",0.0018622694907008911,153,0.00131993518456471,172,0.0006228795998465583,318
"Corvallis, OR Metro Area",0.0018546692650800152,154,0.001132505998673007,197,0.0010584550280373626,208
"Salinas, CA Metro Area",0.0018518188402660291,155,0.001795375869839742,123,0.003742684342144258,56
"Oshkosh-Neenah, WI Metro Area",0.0018373813080669473,156,0.0009080491341370926,249,0.0008549436321855908,255
"El Paso, TX Metro Area",0.001814238409753576,157,0.0024747445504808793,88,0.006345039954629305,28
"Wichita, KS Metro Area",0.0018129319887210137,158,0.0011664376940263093,192,0.00116137989057621,191
"Kingsport-Bristol-Bristol, TN-VA Metro Area",0.0017911800932654796,159,0.001414047423407055,159,0.0007735155967486845,276
"Gulfport-Biloxi-Pascagoula, MS Metro Area",0.0017870120266367476,160,0.0023756714866458323,93,0.0015579420130973052,151
"South Bend-Mishawaka, IN-MI Metro Area",0.0017683480079640577,161,0.0014257271299611869,157,0.0014958691349545115,157
"Duluth, MN-WI Metro Area",0.0017477147831231991,162,0.001134283841343481,196,0.000986608497599259,222
"Medford, OR Metro Area",0.0017432854745476458,163,0.0007967469063778949,280,0.0009440843560514429,229
"Logan, UT-ID Metro Area",0.0017423407009605628,164,0.0005751825883784659,344,0.0008559182324216356,254
"Beaumont-Port Arthur, TX Metro Area",0.0017314014161266854,165,0.0026490631121676954,77,0.0018856228857926512,123
"Fayetteville, NC Metro Area",0.0017309615421401507,166,0.0034619590038710004,59,0.002193457215227267,101
"Lafayette-West Lafayette, IN Metro Area",0.0017297808160204283,167,0.0014235608294770191,158,0.001013583135706068,216
"Toledo, OH Metro Area",0.001724761485413553,168,0.0021955691831801313,96,0.0012526053030539044,179
"Youngstown-Warren-Boardman, OH-PA Metro Area",0.001721114620731363,169,0.0015756696971932003,140,0.0014432330298572503,162
"Santa Cruz-Watsonville, CA Metro Area",0.0017206382746946579,170,0.0014621290301996609,152,0.0020433114084718504,110
"State College, PA Metro Area",0.0017075359382488604,171,0.0012304666967625122,182,0.0008905368474101554,240
"Worcester, MA-CT Metro Area",0.0017033727042026097,172,0.001268725847668049,180,0.0017195812519548155,138
"Greenville, NC Metro Area",0.0016880307777981227,173,0.0017475443713162778,128,0.0013139693296863075,172
"Peoria, IL Metro Area",0.00165217841962169,174,0.0013967527689961214,160,0.0010515930796448835,210
"Bellingham, WA Metro Area",0.0016463578940261916,175,0.0010794074266809693,202,0.001296520170729433,173
"Fargo, ND-MN Metro Area",0.001621745497231953,176,0.0010705814593446937,204,0.0007696508429677344,277
"Hagerstown-Martinsburg, MD-WV Metro Area",0.0016138469623229574,177,0.0019607347283597085,110,0.001115542382126727,196
"Daphne-Fairhope-Foley, AL Metro Area",0.0016129265549710346,178,0.0009039853486102001,252,0.0008323197089055206,261
"Cedar Rapids, IA Metro Area",0.0015975907747823133,179,0.0010108034768692518,218,0.0009205648735153006,235
"York-Hanover, PA Metro Area",0.0015914033042969129,180,0.0010777847627884423,203,0.0018291872513114685,128
"Morgantown, WV Metro Area",0.001589393546460788,181,0.0009124618365170797,245,0.0010617300878753518,206
"Montgomery, AL Metro Area",0.001573443204405161,182,0.0029407053813216323,70,0.0018545705415742091,125
"Bloomington, IL Metro Area",0.001570235825669621,183,0.0011045341418626493,200,0.0010406246084592326,212
"Longview, TX Metro Area",0.0015540055299641602,184,0.002068295400320317,104,0.0011766822056534065,189
"Norwich-New London, CT Metro Area",0.0015539581466175753,185,0.0012786116665942735,176,0.0017487881236390224,136
"Anchorage, AK Metro Area",0.0015444216393904902,186,0.0021028229111983024,100,0.0012246022084646405,183
"Iowa City, IA Metro Area",0.0015399131106653343,187,0.0009949537754211312,223,0.0008559470516971619,253
"Mobile, AL Metro Area",0.001528344978580515,188,0.001711687182100232,129,0.0006768875790349125,298
"St. George, UT Metro Area",0.0015262258279539816,189,0.0006393509339712133,326,0.0009796855349440063,224
"Flint, MI Metro Area",0.0015078246132383163,190,0.001573878211063569,141,0.0008788333634707681,244
"Johnson City, TN Metro Area",0.0015077634865614303,191,0.0009673249236269914,237,0.0004974223938474071,360
"Harrisonburg, VA Metro Area",0.001500862336700127,192,0.0007832760697645316,285,0.0010444348613573434,211
"Bowling Green, KY Metro Area",0.0014990236548611375,193,0.0010439314266559693,210,0.0007655571065903776,278
"Jackson, MS Metro Area",0.001446405936122847,194,0.00257485790770777,83,0.0010757414541584067,203
"Kennewick-Richland, WA Metro Area",0.0014382234699623925,195,0.0008312608866913919,270,0.0017383289285495364,137
"Sierra Vista-Douglas, AZ Metro Area",0.0014348418457345593,196,0.0012144601989902883,183,0.002264083432464913,100
"Lawton, OK Metro Area",0.0014143171078064801,197,0.0020483869532589654,106,0.0013518755508257073,170
"Scranton--Wilkes-Barre--Hazleton, PA Metro Area",0.0014054650056725608,198,0.00146646475242613,151,0.002002572403961642,115
"Huntington-Ashland, WV-KY-OH Metro Area",0.0013908751301137342,199,0.0008004658912744804,279,0.00044918691054111805,377
"Yuma, AZ Metro Area",0.001376504289773017,200,0.0010173731766313131,216,0.0021857041913474775,102
"Appleton, WI Metro Area",0.0013743402096166885,201,0.0007944616789555271,281,0.0010079412596483762,217
"Sebastian-Vero Beach, FL Metro Area",0.0013686476844744855,202,0.0009110018659895788,246,0.000859132847166054,250
"Hickory-Lenoir-Morganton, NC Metro Area",0.001366168621885554,203,0.0011765940401335135,188,0.0009473211270150057,228
"Modesto, CA Metro Area",0.001365952035882166,204,0.0013102845216553802,173,0.003115317568893738,67
"Wichita Falls, TX Metro Area",0.0013461615412605314,205,0.0012712249186084196,179,0.0011156975953013626,195
"Abilene, TX Metro Area",0.00133535423712906,206,0.0013462251633736544,168,0.0014648764265808346,159
"Grand Forks, ND-MN Metro Area",0.0013347241033779295,207,0.0006903276925621277,310,0.000830562748928712,262
"Elizabethtown-Fort Knox, KY Metro Area",0.0013212122551388894,208,0.0014715516369925164,150,0.0011133887009038114,197
"Davenport-Moline-Rock Island, IA-IL Metro Area",0.0012800424589421244,209,0.0011689808544673766,191,0.0010312905105891172,213
"Fort Wayne, IN Metro Area",0.0012766608372109,210,0.0011124658761843677,198,0.0008125447261483498,267
"Evansville, IN-KY Metro Area",0.0012547828963656168,211,0.0008224571569462013,273,0.0005488296941918726,348
"Muncie, IN Metro Area",0.00125319199209612,212,0.0009688137989415463,236,0.00047586573839854534,370
"Waterloo-Cedar Falls, IA Metro Area",0.0012519281300417875,213,0.0007740820671281658,290,0.000774202041850049,275
"Panama City, FL Metro Area",0.0012508177309802266,214,0.0013778674197258663,162,0.0009092470699688385,237
"Chico, CA Metro Area",0.0012507128169566627,215,0.0010035747863749972,219,0.001565922808154322,150
"New Bern, NC Metro Area",0.0012506011088045472,216,0.0011754850292165471,189,0.0008849048029679572,242
"Macon, GA Metro Area",0.0012452814243052582,217,0.001749219831326597,127,0.0008666135063430283,248
"Manhattan, KS Metro Area",0.0012329264841278542,218,0.000769168169801533,292,0.0009829384581903848,223
"Grand Junction, CO Metro Area",0.0012242314874988513,219,0.0006694884307307148,317,0.0010848095856728743,201
"Homosassa Springs, FL Metro Area",0.0012203706277444017,220,0.0005132654573790917,359,0.000851196363713018,256
"Reno, NV Metro Area",0.001219753681814014,221,0.0010200720459606612,214,0.0012297623845320283,182
"Bend-Redmond, OR Metro Area",0.0012194387331924158,222,0.0006594918872481897,322,0.000868612281487303,246
"The Villages, FL Metro Area",0.0012079307874481764,223,0.0006784380149499259,311,0.0006301924779285671,316
"San Angelo, TX Metro Area",0.0011983768731411762,224,0.0009771118952757191,231,0.0016742299057146458,142
"Fort Smith, AR-OK Metro Area",0.0011923507243516672,225,0.0009744777567132947,233,0.0008685343034747746,247
"La Crosse-Onalaska, WI-MN Metro Area",0.0011837941200229306,226,0.0006749089073240848,313,0.0005916621769169908,331
"Erie, PA Metro Area",0.0011825497800319424,227,0.0008389366314160005,269,0.0006750451702993261,299
"Ames, IA Metro Area",0.0011665704479530967,228,0.0006642128378547129,321,0.0008823104827097044,243
"Ithaca, NY Metro Area",0.0011639518956488076,229,0.0009974613694847183,222,0.0006959841293171639,293
"Terre Haute, IN Metro Area",0.0011609888835669574,230,0.0009183366647487867,244,0.0006656519423455289,304
"Burlington-South Burlington, VT Metro Area",0.0011582622487152062,231,0.00050210796094903,365,0.0006419259279490925,311
"Warner Robins, GA Metro Area",0.0011483621325393573,232,0.001632074721103414,138,0.0007869168931815769,272
"Tyler, TX Metro Area",0.0011449061920415365,233,0.001533000276854567,142,0.0010550639202522374,209
"Battle Creek, MI Metro Area",0.001121993022869768,234,0.000827333617191491,271,0.0007310286440386264,285
"Coeur d'Alene, ID Metro Area",0.0011091117090571247,235,0.0007633406331368571,294,0.0005619115047065681,341
"Gainesville, GA Metro Area",0.0011040043811589278,236,0.0008629645881137747,261,0.0011718736004302955,190
"Mount Vernon-Anacortes, WA Metro Area",0.0011019952148198816,237,0.0009865226707839274,225,0.0010001070478416162,219
"Muskegon, MI Metro Area",0.0010912489622014424,238,0.0009101625170534301,247,0.000837123882008814,260
"Mankato-North Mankato, MN Metro Area",0.0010884762408202118,239,0.0006913817154236847,309,0.0007028117249946214,290
"Visalia-Porterville, CA Metro Area",0.0010834877684581861,240,0.0006337161837575818,329,0.004147987416527516,47
"Columbia, MO Metro Area",0.0010798661823476633,241,0.000769483955440653,291,0.0005384277045922582,350
"Reading, PA Metro Area",0.0010720462602310818,242,0.0008142199932893246,276,0.0021414632454490575,105
"Atlantic City-Hammonton, NJ Metro Area",0.001069542040009372,243,0.00090583673434279,251,0.0012390866835929103,181
"Canton-Massillon, OH Metro Area",0.0010679577986711247,244,0.0008028767493637402,278,0.0007754884987749605,274
"Charleston, WV Metro Area",0.0010651345512797984,245,0.0008793676983020983,258,0.0004804401588773054,367
"Saginaw, MI Metro Area",0.00105575388173314,246,0.0012051505861310325,184,0.0009225406084840076,233
"Hinesville, GA Metro Area",0.0010539670064275762,247,0.0015058632743585026,145,0.0010612284131155337,207
"St. Joseph, MO-KS Metro Area",0.0010524294553621262,248,0.0010990150878284594,201,0.0011027970920973072,198
"Springfield, IL Metro Area",0.0010488340692654647,249,0.0010376478695763366,213,0.0006678517379248079,302
"Redding, CA Metro Area",0.0010454320863663507,250,0.0006175964721506753,332,0.0007206026230777076,287
"Lake Charles, LA Metro Area",0.0010449150816667894,251,0.0011597855052170318,193,0.0009210536668369364,234
"Morristown, TN Metro Area",0.0010423897867590994,252,0.0007440193056694851,300,0.0006611978502277521,305
"Yuba City, CA Metro Area",0.0010182396037569231,253,0.0007503506079852463,299,0.0012700640056748991,176
"Bangor, ME Metro Area",0.0010104586039203019,254,0.0006677093176740472,319,0.0005327195208405532,354
"Binghamton, NY Metro Area",0.0010098622512980373,255,0.0010404369082742287,211,0.0007426008021394031,283
"Jackson, MI Metro Area",0.0010085937089481854,256,0.0007893248994746853,283,0.0006361168210980503,313
"Hattiesburg, MS Metro Area",0.001007731385128204,257,0.0009795409893683276,230,0.0005943181587192501,329
"Dover, DE Metro Area",0.0010039443326361529,258,0.001683904042472205,133,0.0007784667996510098,273
"Cleveland, TN Metro Area",0.0010037264426166355,259,0.0005811695687385418,342,0.0006746404985216998,300
"Brunswick, GA Metro Area",0.0010014533749195063,260,0.0008601085131688631,262,0.0006829217151944895,296
"Lawrence, KS Metro Area",0.0009968093061558463,261,0.0006927146270400958,308,0.0006076107221810209,325
"Anniston-Oxford-Jacksonville, AL Metro Area",0.0009964325018462644,262,0.0008223373503757684,274,0.0004000333019709889,386
"Rochester, MN Metro Area",0.0009874247084490227,263,0.000889314758681709,256,0.0005608103991198584,342
"Fairbanks, AK Metro Area",0.0009734588703137804,264,0.0009724951856993556,235,0.0008483301344522471,257
"Florence-Muscle Shoals, AL Metro Area",0.0009692519561479864,265,0.0007922805702841539,282,0.0009229997343154414,232
"Amarillo, TX Metro Area",0.0009589776003679801,266,0.0013667397095053317,166,0.001462069575559658,160
"Odessa, TX Metro Area",0.0009559256377908462,267,0.0011819917206174727,187,0.0029741324144869795,73
"Sherman-Denison, TX Metro Area",0.0009547099694540289,268,0.0006309941944741835,330,0.0006512156637581949,308
"Topeka, KS Metro Area",0.0009536749696413289,269,0.0009934261826502248,224,0.000830462023606342,263
"Rockford, IL Metro Area",0.0009527683669142126,270,0.0011739527731757147,190,0.0011010845307213581,199
"Monroe, LA Metro Area",0.0009392326097574088,271,0.0013425420642854545,169,0.0004986170678776286,359
"Midland, TX Metro Area",0.0009382825712657143,272,0.0007831235829470083,286,0.002379021769077385,94
"Sioux Falls, SD Metro Area",0.0009372175254483554,273,0.00075918959194434,297,0.0004903692257000246,363
"Spartanburg, SC Metro Area",0.0009324357449158042,274,0.0011928872463861724,186,0.0011970947471285332,186
"Racine, WI Metro Area",0.0009320298078669804,275,0.0008780664309582999,259,0.0007521117277227062,279
"Watertown-Fort Drum, NY Metro Area",0.0009264182179993641,276,0.0010390990280111387,212,0.0012027146653890378,185
"Niles-Benton Harbor, MI Metro Area",0.0009211187805731748,277,0.000907309795958224,250,0.0010748640234117895,204
"Trenton, NJ Metro Area",0.0009165179677558707,278,0.0014419979092766813,156,0.001262134190884259,178
"Winchester, VA-WV Metro Area",0.0009091355332367799,279,0.0006532640008139715,323,0.000841850535133851,259
"Jefferson City, MO Metro Area",0.0009043899944204588,280,0.0007759089592365157,289,0.0004906573943229101,362
"San Juan-Carolina-Caguas, PR Metro Area",0.0009034595267875043,281,0.0006083304625017878,337,0.010589516371318303,19
"Hanford-Corcoran, CA Metro Area",0.0009024375327344896,282,0.001447587675063506,153,0.00318216235171057,65
"Michigan City-La Porte, IN Metro Area",0.0008997062037854405,283,0.0009838770090562778,228,0.0010896468553066056,200
"Monroe, MI Metro Area",0.000893261856545017,284,0.0005343919488752836,356,0.0006360276865466398,314
"Gettysburg, PA Metro Area",0.0008929653924808708,285,0.0004766662838995543,372,0.0008589064176609041,251
"Grants Pass, OR Metro Area",0.0008906125353790107,286,0.0006691040006405138,318,0.0006232207832170299,317
"Yakima, WA Metro Area",0.0008840303727294337,287,0.0007245260262246115,303,0.0019080396437846543,122
"Green Bay, WI Metro Area",0.0008829050757028796,288,0.0010513375031893982,208,0.0005782779012187504,338
"Elkhart-Goshen, IN Metro Area",0.0008803988397423596,289,0.0008817560214365271,257,0.0009579042943281115,227
"Missoula, MT Metro Area",0.0008782126269960434,290,0.0010537459007861284,207,0.0006583333744250147,306
"Valdosta, GA Metro Area",0.0008777260784606509,291,0.0016388376817565355,137,0.0009272985016122812,231
"Eau Claire, WI Metro Area",0.0008764996077389553,292,0.0006648213465466672,320,0.0005517226125136988,346
"Hammond, LA Metro Area",0.0008758515735929426,293,0.0010483949041134163,209,0.0006395069396213952,312
"Santa Fe, NM Metro Area",0.0008737830610837333,294,0.000645310246959716,324,0.0015572183434508816,152
"Chambersburg-Waynesboro, PA Metro Area",0.0008710291349263866,295,0.0008207057976790192,275,0.0005926375564053381,330
"East Stroudsburg, PA Metro Area",0.0008682500619803003,296,0.0009841956516395052,227,0.0012753538192222533,175
"Springfield, OH Metro Area",0.000866214052836618,297,0.0007030624388628022,307,0.0007871435791167814,271
"Rapid City, SD Metro Area",0.0008616847190766395,298,0.0008703579919348726,260,0.0005741021747277045,339
"Napa, CA Metro Area",0.0008559396670312226,299,0.0007545797321693727,298,0.0009047344756157938,238
"Johnstown, PA Metro Area",0.0008464718388073538,300,0.0006347673294104755,328,0.0005898944923123599,333
"Sioux City, IA-NE-SD Metro Area",0.0008449881460328288,301,0.0007215435479527676,304,0.0008283494838950982,264
"Midland, MI Metro Area",0.0008440257637994258,302,0.0005441286869406382,353,0.000495636625835726,361
"Lebanon, PA Metro Area",0.0008435885728030522,303,0.000583536143090005,341,0.0006917898565542385,294
"Pueblo, CO Metro Area",0.0008395516551129027,304,0.0004962782747811255,367,0.001142772158356673,192
"Bismarck, ND Metro Area",0.0008313559599393784,305,0.0005332567064849896,357,0.0005844736182690674,335
"Idaho Falls, ID Metro Area",0.0008242621412760043,306,0.0005125006097606605,360,0.0007238677089015059,286
"Bloomsburg-Berwick, PA Metro Area",0.0008204534789635806,307,0.0006159962798690529,334,0.0005588363773961068,344
"Houma-Thibodaux, LA Metro Area",0.0008200744686075874,308,0.000859139842096874,263,0.0005578445721713427,345
"Burlington, NC Metro Area",0.000818765565547867,309,0.0007888320057205573,284,0.0006462258425378827,309
"Williamsport, PA Metro Area",0.0008174985106869203,310,0.0005509174637070629,350,0.0004992853878261252,358
"Billings, MT Metro Area",0.0008168584663044314,311,0.0005671239166088632,346,0.0004849125281676535,364
"Glens Falls, NY Metro Area",0.0008143454808202605,312,0.0005865733878949845,339,0.0005840013498411055,336
"Merced, CA Metro Area",0.0008091084416680136,313,0.0014470177471100475,154,0.00295012817513275,74
"Cape Girardeau, MO-IL Metro Area",0.0008082398748941922,314,0.0009632684069192601,239,0.0005882014581816286,334
"Carbondale-Marion, IL Metro Area",0.0008017232679705402,315,0.0009620901836754981,240,0.0006168491439765647,322
"Dubuque, IA Metro Area",0.0007976413308912655,316,0.0005684001380000471,345,0.0005943455780098974,328
"Ocean City, NJ Metro Area",0.0007898437168510863,317,0.000473613675012346,374,0.0005408374143426825,349
"Fond du Lac, WI Metro Area",0.0007895094920308655,318,0.000597648703441819,338,0.0004594802061795251,376
"California-Lexington Park, MD Metro Area",0.0007881586930471655,319,0.0009100704007940226,248,0.0006515048689909825,307
"Cheyenne, WY Metro Area",0.0007775853901565793,320,0.0008079550948350089,277,0.0006315666900049135,315
"Florence, SC Metro Area",0.0007699082190214414,321,0.0010191983967695044,215,0.0004345033588116304,378
"Decatur, AL Metro Area",0.0007695014545986231,322,0.0007799988921314311,287,0.0009924389958367922,220
"Bay City, MI Metro Area",0.0007679910560498132,323,0.0005765291152188209,343,0.0007997106659970838,269
"Goldsboro, NC Metro Area",0.0007568838941651459,324,0.0009986542766792558,220,0.0008582613601658255,252
"Altoona, PA Metro Area",0.000756029147378397,325,0.0004340094945945724,379,0.00042398452469625137,382
"Madera, CA Metro Area",0.00075563601560761,326,0.0009632937023798535,238,0.0018366057040209065,126
"Dalton, GA Metro Area",0.0007530400224487157,327,0.0006168560715910519,333,0.0007514548747383883,280
"Wheeling, WV-OH Metro Area",0.0007521093689924226,328,0.0007149960802615532,305,0.0006436194554162055,310
"Gadsden, AL Metro Area",0.000748908883360246,329,0.0007780559129653157,288,0.0003879990116705906,388
"Lewiston-Auburn, ME Metro Area",0.0007435657122044001,330,0.0006240076912679105,331,0.0005346330916572127,352
"Hot Springs, AR Metro Area",0.0007429584742535806,331,0.0006737604540298159,314,0.0005819845019792865,337
"Rome, GA Metro Area",0.0007427609979443471,332,0.0008265127499884162,272,0.0005116296631093808,357
"Wausau, WI Metro Area",0.0007359640861769378,333,0.000478468938561415,370,0.00069161895431844,295
"Las Cruces, NM Metro Area",0.0007355658547605704,334,0.0006358996236525265,327,0.0025772091932905234,87
"Kingston, NY Metro Area",0.0007337479184418385,335,0.0007688238053547469,293,0.0010058318664981378,218
"Utica-Rome, NY Metro Area",0.0007309852810114697,336,0.0007380700021477977,301,0.0007381300513756879,284
"Weirton-Steubenville, WV-OH Metro Area",0.0007294710383859399,337,0.0005507518648459212,351,0.000519910166245892,356
"Albany, GA Metro Area",0.0007248538006483995,338,0.0017933000492527968,124,0.0005502389233413981,347
"Jackson, TN Metro Area",0.0007246326268140136,339,0.0009757338896556005,232,0.0006037197966079026,326
"Barnstable Town, MA Metro Area",0.0007242466593144255,340,0.00047390878780890187,373,0.00048359000465619367,366
"Vineland-Bridgeton, NJ Metro Area",0.0007231842194028765,341,0.001060731000466485,206,0.0011204845525491737,194
"Wenatchee, WA Metro Area",0.0007139920449256531,342,0.0004655687627432813,377,0.0008751787713996066,245
"Mansfield, OH Metro Area",0.0007137563713079002,343,0.0008487460584318714,264,0.000704398054204873,289
"Sheboygan, WI Metro Area",0.0007105975887329482,344,0.0006445611161556648,325,0.0008000857675070415,268
"Kahului-Wailuku-Lahaina, HI Metro Area",0.0007101209926242897,345,0.0006730606139108202,315,0.0005913614675381605,332
"Pittsfield, MA Metro Area",0.000706642329140525,346,0.0004951482817440779,368,0.0004774601748355357,369
"Dothan, AL Metro Area",0.0007049713958910264,347,0.0007340627407699303,302,0.0005624496494755357,340
"Alexandria, LA Metro Area",0.0006989423763009956,348,0.0008485314071827963,265,0.0006127617978260525,323
"Sebring, FL Metro Area",0.0006925200872074773,349,0.0005466923768427644,352,0.0008135934114324333,266
"Kankakee, IL Metro Area",0.0006894869230863292,350,0.000712874127099547,306,0.0006218238775627851,319
"Joplin, MO Metro Area",0.0006801977934785039,351,0.0005667310191487824,347,0.0006013016380277052,327
"Staunton-Waynesboro, VA Metro Area",0.0006723815700240944,352,0.0007620958948892413,295,0.0006709297832085397,301
"Casper, WY Metro Area",0.0006713658344493698,353,0.0004228366094773992,381,0.0006799885783894224,297
"McAllen-Edinburg-Mission, TX Metro Area",0.0006690896289261969,354,0.0007613868689221469,296,0.004130166123719038,48
"Jonesboro, AR Metro Area",0.0006675381224414135,355,0.0005071105619204476,363,0.0005594537457027157,343
"Beckley, WV Metro Area",0.0006668819530053163,356,0.0006133026428330529,336,0.0004086558387664191,384
"Decatur, IL Metro Area",0.0006612164365018853,357,0.0005412749241205593,354,0.0004265218369819773,381
"Walla Walla, WA Metro Area",0.0006610898291016849,358,0.0009200326568807185,242,0.0007132187757307928,288
"Lima, OH Metro Area",0.000656235223264824,359,0.000554740073690904,349,0.00046802205220902954,374
"Rocky Mount, NC Metro Area",0.0006466853128637559,360,0.0012761264920940242,177,0.0005379316827873327,351
"Janesville-Beloit, WI Metro Area",0.0006442876879525215,361,0.0005067456299471757,364,0.0005343920744468873,353
"Sumter, SC Metro Area",0.0006375987945859696,362,0.0009296609948160039,241,0.0004683542941745155,373
"Parkersburg-Vienna, WV Metro Area",0.0006319625208040079,363,0.0004345322557781281,378,0.00040457096411774466,385
"Cumberland, MD-WV Metro Area",0.000628835139280623,364,0.0006711551290009698,316,0.0004843131574144213,365
"Great Falls, MT Metro Area",0.0006139494791841237,365,0.0009009406300919437,254,0.0008449142037612854,258
"Texarkana, TX-AR Metro Area",0.000611412884691519,366,0.0009195619100193493,243,0.0005229024538368858,355
"Carson City, NV Metro Area",0.0005974510545588226,367,0.0005091506015535745,362,0.000618200027778665,321
"Elmira, NY Metro Area",0.0005893889794654762,368,0.0006784250177715602,312,0.0004618956658310386,375
"Columbus, IN Metro Area",0.0005818794391940023,369,0.0004993292782192422,366,0.0006216047944069235,320
"Pocatello, ID Metro Area",0.0005747701096573846,370,0.0005404245908707205,355,0.0004780761744242253,368
"Victoria, TX Metro Area",0.000560661097581637,371,0.0004725417475358241,375,0.0010617756046187887,205
"Pine Bluff, AR Metro Area",0.0005414677506673901,372,0.0009731875655230452,234,0.0004711254622434164,372
"Lewiston, ID-WA Metro Area",0.0005399880633233589,373,0.0004926846335853222,369,0.000475697584410568,371
"Owensboro, KY Metro Area",0.0005395732934790919,374,0.0006154426691807001,335,0.00041408665666471504,383
"Brownsville-Harlingen, TX Metro Area",0.0005333407055450099,375,0.0004767495146928022,371,0.0022694583929011402,99
"Grand Island, NE Metro Area",0.0005212370977737792,376,0.00046857970932217034,376,0.0006670170123013491,303
"El Centro, CA Metro Area",0.0005043909950715561,377,0.0005860274500979196,340,0.0018713307464865922,124
"Kokomo, IN Metro Area",0.0005037903618607588,378,0.0005109951624165398,361,0.0003990116752946767,387
"Farmington, NM Metro Area",0.0005006714922734609,379,0.0005179308892679244,358,0.0006123549199635865,324
"Laredo, TX Metro Area",0.00048471626827377385,380,0.0004133407745988853,382,0.0018213742731493245,129
"Ponce, PR Metro Area",0.000482299307202436,381,0.00040256363501214583,384,0.002624405376899455,86
"Longview, WA Metro Area",0.00046386099097106196,382,0.00043245464643504094,380,0.00042862971333589397,380
"Danville, IL Metro Area",0.00045886884909399295,383,0.0005666230997528592,348,0.00043426416746126064,379
"Guayama, PR Metro Area",0.00041399855718861556,384,0.00040721033465913837,383,0.0007460247980137156,282
"Aguadilla-Isabela, PR Metro Area",0.00039482944603924885,385,0.00039562154530694145,385,0.0017712317903390913,134
"Arecibo, PR Metro Area",0.00039007114723747067,386,0.00038659793814432993,386,0.0009633416366945277,226
"Mayagüez, PR Metro Area",0.0003867747142611493,387,0.00038659793814432993,388,0.0013849369486610657,167
"San Germán, PR Metro Area",0.00038659793814432993,388,0.00038659793814432993,387,0.0007021851628713981,291
