metro,white_value,white_rank,black_value,black_rank,asian_value,asian_rank,other_value,other_rank
"Dallas-Fort Worth-Arlington, TX Metro Area",0.02297771094234236,1,0.029231233647115096,2.0,0.030068363561200646,5.0,0.022580111888901036,4
"New York-Newark-Jersey City, NY-NJ-PA Metro Area",0.021955287503148253,2,0.025669599125060227,5.0,0.05606067063184394,1.0,0.03174943094535048,2
"Washington-Arlington-Alexandria, DC-VA-MD-WV Metro Area",0.021484775965311977,3,0.02873812915903285,3.0,0.03576754788885805,3.0,0.020209650842567796,6
"Los Angeles-Long Beach-Anaheim, CA Metro Area",0.01980303705554995,4,0.016300205073098963,8.0,0.052183731275444886,2.0,0.0333278171593402,1
"Houston-The Woodlands-Sugar Land, TX Metro Area",0.018904129593976006,5,0.028535729530432825,4.0,0.02601862840971218,7.0,0.017174957463231052,9
"Chicago-Naperville-Elgin, IL-IN-WI Metro Area",0.018348211541372606,6,0.023770173367038596,6.0,0.026278002827491664,6.0,0.017372624794283514,8
"Phoenix-Mesa-Scottsdale, AZ Metro Area",0.017530505242181034,7,0.011130630823420563,15.0,0.011738076226093882,19.0,0.020480757554824335,5
"Atlanta-Sandy Springs-Roswell, GA Metro Area",0.016061924119894107,8,0.048269728527003494,1.0,0.02259305948851738,10.0,0.015969894527552483,10
"Denver-Aurora-Lakewood, CO Metro Area",0.014545279114766206,9,0.0057449306368035245,36.0,0.007690778827184485,25.0,0.011293930404627112,15
"Miami-Fort Lauderdale-West Palm Beach, FL Metro Area",0.014073519405139958,10,0.016006526229479505,9.0,0.007212628641693867,26.0,0.010634627694153537,18
"Seattle-Tacoma-Bellevue, WA Metro Area",0.013585919925477419,11,0.008666450413177903,23.0,0.02309176031789416,9.0,0.01872810796089738,7
"Philadelphia-Camden-Wilmington, PA-NJ-DE-MD Metro Area",0.013121070686247283,12,0.0153252788093046,10.0,0.019222123408498184,11.0,0.012837448575498423,13
"Riverside-San Bernardino-Ontario, CA Metro Area",0.012584756959272182,13,0.013677987020315764,12.0,0.01822543991691521,13.0,0.029505012048861655,3
"Austin-Round Rock, TX Metro Area",0.01217268811002166,14,0.008786308160303779,22.0,0.013801051098383385,17.0,0.008701744401587374,23
"Tampa-St. Petersburg-Clearwater, FL Metro Area",0.011818580312861595,15,0.007593099770860513,27.0,0.005413029382364875,33.0,0.009291160333477934,21
"Boston-Cambridge-Newton, MA-NH Metro Area",0.011619525572992074,16,0.006096538234148138,34.0,0.018953159560638408,12.0,0.008809324843046702,22
"Orlando-Kissimmee-Sanford, FL Metro Area",0.011487603768920407,17,0.012156557813369391,14.0,0.00522757090816357,36.0,0.011227130996251231,17
"Minneapolis-St. Paul-Bloomington, MN-WI Metro Area",0.011033534498847216,18,0.00996936940686485,16.0,0.01393109266707827,16.0,0.009706344584043012,20
"San Antonio-New Braunfels, TX Metro Area",0.010775497463718687,19,0.00852231723954637,24.0,0.00787933061193322,24.0,0.011258796616886124,16
"San Diego-Carlsbad, CA Metro Area",0.010283641518198355,20,0.0053092938694741815,43.0,0.015921780438946296,14.0,0.012473728180008779,14
"San Francisco-Oakland-Hayward, CA Metro Area",0.009932180106334346,21,0.007601978485882363,26.0,0.033017736151799815,4.0,0.014196478731379388,11
"Charlotte-Concord-Gastonia, NC-SC Metro Area",0.009412256873052884,22,0.017000083079624015,7.0,0.00834746857043587,23.0,0.00807230854693939,26
"Virginia Beach-Norfolk-Newport News, VA-NC Metro Area",0.008921429322040798,23,0.014263512928638152,11.0,0.005685314932714018,32.0,0.007752343904877919,27
"Nashville-Davidson--Murfreesboro--Franklin, TN Metro Area",0.00876904455740567,24,0.005347322344920845,42.0,0.005107428755038558,39.0,0.004097490222687073,49
"Portland-Vancouver-Hillsboro, OR-WA Metro Area",0.008602166597305576,25,0.0031549162956440837,68.0,0.008780645304605539,22.0,0.009754752810493272,19
"Baltimore-Columbia-Towson, MD Metro Area",0.007778137475101853,26,0.013212293193888886,13.0,0.012888018950545891,18.0,0.00607734408591911,34
"Detroit-Warren-Dearborn, MI Metro Area",0.007330019072615792,27,0.009723730105217375,18.0,0.009367072310955507,21.0,0.004423821837107712,45
"Kansas City, MO-KS Metro Area",0.007303691734862574,28,0.007328275128295262,31.0,0.004437418481811365,45.0,0.006963650784780989,32
"Jacksonville, FL Metro Area",0.007118565367166515,29,0.007508257054089793,29.0,0.0033780678019975506,55.0,0.004680803209232426,42
"St. Louis, MO-IL Metro Area",0.007000400848745593,30,0.009318862915911143,21.0,0.0051607918621465725,37.0,0.004722799834032372,41
"Las Vegas-Henderson-Paradise, NV Metro Area",0.006893018614097842,31,0.00993173669993542,17.0,0.010395104906325931,20.0,0.013111895482900326,12
"Indianapolis-Carmel-Anderson, IN Metro Area",0.006749140359061417,32,0.007505386369954503,30.0,0.0046331078432025625,42.0,0.004621743029767741,43
"Columbus, OH Metro Area",0.00668994216173323,33,0.0075466687011733645,28.0,0.0070134752975795816,28.0,0.007019463480152871,31
"Cincinnati, OH-KY-IN Metro Area",0.006640673691971625,34,0.005458702131289841,41.0,0.005822974232391174,31.0,0.004070532826744504,50
"Pittsburgh, PA Metro Area",0.006136554158568012,35,0.004240252587782147,49.0,0.005841863507025139,30.0,0.00396253618674165,54
"North Port-Sarasota-Bradenton, FL Metro Area",0.005906814491323957,36,0.00212774139103706,108.0,0.0018184525916816927,100.0,0.002080588134523888,118
"Colorado Springs, CO Metro Area",0.005525265216652752,37,0.003646770289541531,61.0,0.0027983584188049884,63.0,0.007370193132480728,29
"Sacramento--Roseville--Arden-Arcade, CA Metro Area",0.005447301574773373,38,0.0051335682616198966,45.0,0.01540356780681247,15.0,0.007619851418525667,28
"Tucson, AZ Metro Area",0.005041072532718288,39,0.0029909455801180457,70.0,0.0033848870035923444,54.0,0.007168066016893646,30
"Richmond, VA Metro Area",0.004893465540114399,40,0.009562450426168502,19.0,0.007083328506700289,27.0,0.004297493600051268,47
"Oklahoma City, OK Metro Area",0.004801070217297171,41,0.005499758744234791,40.0,0.003351220816772131,56.0,0.008155833600217837,25
"Columbia, SC Metro Area",0.004630652478123476,42,0.009335775245882237,20.0,0.002384265494850377,70.0,0.004063357809761971,51
"Raleigh, NC Metro Area",0.004623751731158141,43,0.00602224304059725,35.0,0.005288981572240492,35.0,0.00317951348667362,67
"Cape Coral-Fort Myers, FL Metro Area",0.004534061655904994,44,0.0029769057870959385,71.0,0.0016920259903112822,104.0,0.0036887457094083452,60
"Birmingham-Hoover, AL Metro Area",0.004441221836704237,45,0.006562819960467241,33.0,0.0019104502713963342,93.0,0.003118685976753538,70
"Charleston-North Charleston, SC Metro Area",0.0044160589295997215,46,0.0039288654162133166,58.0,0.0015209580249606262,121.0,0.0031312465491965045,69
"New Orleans-Metairie, LA Metro Area",0.004368852774677043,47,0.008282428466813692,25.0,0.004231691718056754,46.0,0.0028925495831947996,73
"San Jose-Sunnyvale-Santa Clara, CA Metro Area",0.004333265313125739,48,0.001806055767532542,130.0,0.02383577462846075,8.0,0.0054888682461176385,37
"Greenville-Anderson-Mauldin, SC Metro Area",0.004285291997825154,49,0.003536868319016051,63.0,0.002158939009863715,82.0,0.0018892306895115247,132
"Providence-Warwick, RI-MA Metro Area",0.004241779009317098,50,0.00271636928253012,79.0,0.003708497602228875,51.0,0.0037594128848133105,58
"Knoxville, TN Metro Area",0.004190487155763313,51,0.002260137467037243,101.0,0.002033824240549429,85.0,0.003069243823174116,71
"Salt Lake City, UT Metro Area",0.004044191723288846,52,0.001993310982991941,117.0,0.002956171653265067,60.0,0.0041067037490441285,48
"Urban Honolulu, HI Metro Area",0.003985662962298653,53,0.0029621674249041734,72.0,0.00700731275806155,29.0,0.008489560642681297,24
"Cleveland-Elyria, OH Metro Area",0.003974089783790025,54,0.004744375930063711,46.0,0.004629186914573989,43.0,0.004754274721082307,40
"Fort Collins, CO Metro Area",0.003911647191993087,55,0.0014637531039601247,161.0,0.001566184994919189,117.0,0.002754490557545942,78
"Louisville/Jefferson County, KY-IN Metro Area",0.0038840179520755573,56,0.003791766518966097,60.0,0.0025250662388240593,68.0,0.0022758164237554742,102
"Milwaukee-Waukesha-West Allis, WI Metro Area",0.0038585999534023543,57,0.003964062086498226,56.0,0.003758668418482299,50.0,0.0028483599577784763,74
"Madison, WI Metro Area",0.003804335155709831,58,0.0023202922589059135,99.0,0.004103921384686043,48.0,0.002650912122526058,81
"Grand Rapids-Wyoming, MI Metro Area",0.00369772648023199,59,0.002669590708602512,81.0,0.0019770808831910632,88.0,0.0025718015455447538,87
"College Station-Bryan, TX Metro Area",0.0036008269668442506,60,0.002405891686389259,92.0,0.0027853290699144675,64.0,0.0022479059586391257,106
"Killeen-Temple, TX Metro Area",0.003584132052578581,61,0.005249438955785089,44.0,0.0018249826831566967,98.0,0.004391986703705328,46
"Pensacola-Ferry Pass-Brent, FL Metro Area",0.003512987488842714,62,0.002404919896168274,93.0,0.00234423995615485,71.0,0.004055997990857065,53
"Lakeland-Winter Haven, FL Metro Area",0.003500271780379295,63,0.003275325280202563,66.0,0.0014268123798023148,131.0,0.0025766797734306066,85
"Deltona-Daytona Beach-Ormond Beach, FL Metro Area",0.003475537889023235,64,0.002278326544513065,100.0,0.0014899328273222962,124.0,0.0018938077230128425,129
"Dayton, OH Metro Area",0.0034189288046814086,65,0.004523237503925913,48.0,0.001966941052129158,90.0,0.0015630155741929253,161
"Omaha-Council Bluffs, NE-IA Metro Area",0.003388391586907741,66,0.002886401847201787,76.0,0.0020586024926289317,84.0,0.0033297108084971365,64
"Durham-Chapel Hill, NC Metro Area",0.003333932518168058,67,0.004554433857601578,47.0,0.0041777507164072,47.0,0.002836460826985048,76
"Palm Bay-Melbourne-Titusville, FL Metro Area",0.003307664500146892,68,0.0016762751076498997,140.0,0.0014362673497205817,129.0,0.0021454609654360307,113
"Bakersfield, CA Metro Area",0.0032796022330624946,69,0.0038696906455908705,59.0,0.00196686809229217,91.0,0.004541820758823273,44
"Salem, OR Metro Area",0.0031996986352323346,70,0.0011753465810218717,194.0,0.0015889464664270415,114.0,0.004059545977413271,52
"Tulsa, OK Metro Area",0.003156570598161029,71,0.002933555700210984,73.0,0.002195424054954158,79.0,0.005851006641552906,35
"Boise City, ID Metro Area",0.0031535012121264513,72,0.000952661926813936,242.0,0.0016359297300425999,109.0,0.002436728115667735,94
"Hartford-West Hartford-East Hartford, CT Metro Area",0.003032536872814307,73,0.0028536673156227296,77.0,0.004864710678878169,41.0,0.0037529262390053786,59
"Ann Arbor, MI Metro Area",0.003013629931703312,74,0.002382506188228325,95.0,0.005150966007290814,38.0,0.0024707241978091338,92
"Provo-Orem, UT Metro Area",0.002983502502867777,75,0.0012096577092802112,186.0,0.001329940733319156,141.0,0.0014745427285842749,168
"Asheville, NC Metro Area",0.002978506857475627,76,0.0015088682141123474,155.0,0.0011232319610978987,153.0,0.0018918922698923327,131
"Albuquerque, NM Metro Area",0.00294010214311731,77,0.00128125155086188,176.0,0.0008560361609035942,189.0,0.005777462207265762,36
"Memphis, TN-MS-AR Metro Area",0.0029192241402278716,78,0.006994419842325689,32.0,0.0019950333022300645,87.0,0.002088347591648904,115
"Port St. Lucie, FL Metro Area",0.002913252679035213,79,0.0020808929100470017,110.0,0.0010452987847753379,167.0,0.0017503888095428282,141
"Baton Rouge, LA Metro Area",0.0029070930053734264,80,0.00574079820502277,37.0,0.002172069250016457,81.0,0.0016103169452765876,157
"Greensboro-High Point, NC Metro Area",0.00282474755702154,81,0.0056055744709750015,38.0,0.0018445525781310155,97.0,0.0024118852093972256,96
"Rochester, NY Metro Area",0.0028144619476138423,82,0.002337215780728611,97.0,0.002850745608221861,61.0,0.002069600005201723,119
"Boulder, CO Metro Area",0.0028127606691982256,83,0.0005747439337385849,330.0,0.0018910896286202822,94.0,0.002505395025876502,89
"Oxnard-Thousand Oaks-Ventura, CA Metro Area",0.002780761428117549,84,0.0010245875217384365,222.0,0.003259466836539125,58.0,0.0034695357828873606,62
"Augusta-Richmond County, GA-SC Metro Area",0.0027701454178151977,85,0.005539698941995279,39.0,0.0022042255953388565,78.0,0.002204159576230018,111
"Corpus Christi, TX Metro Area",0.002673465314339435,86,0.0015502426390950764,153.0,0.0008883997375964837,185.0,0.0010914611889622494,224
"Allentown-Bethlehem-Easton, PA-NJ Metro Area",0.002640676591194592,87,0.001959829307224047,120.0,0.0024089831920114267,69.0,0.0038810752221851413,57
"Lexington-Fayette, KY Metro Area",0.0026326340297333677,88,0.0017096032724921916,139.0,0.0015820600510017052,115.0,0.0018591877832348554,135
"Winston-Salem, NC Metro Area",0.0026310688470069267,89,0.004189566924969028,50.0,0.0015455688827426446,119.0,0.0017594296234751674,139
"Albany-Schenectady-Troy, NY Metro Area",0.0026201605569331444,90,0.0020446661196755023,112.0,0.003631503733471804,52.0,0.0022354115892590015,108
"El Paso, TX Metro Area",0.002614579822202132,91,0.002929362198252107,74.0,0.0014734293257627849,126.0,0.00390787917440926,56
"Fresno, CA Metro Area",0.0025954522168849248,92,0.0024524654691806653,90.0,0.004918512974350019,40.0,0.006624407400760112,33
"Eugene, OR Metro Area",0.002542271158665888,93,0.0019390347672661344,123.0,0.002331618531391382,74.0,0.0024923117971264457,90
"Savannah, GA Metro Area",0.002535488714843555,94,0.004150079800694698,52.0,0.0013474490576265285,140.0,0.0019094795273888183,128
"Ogden-Clearfield, UT Metro Area",0.0025320689342797666,95,0.0007182513428316236,293.0,0.0007689906069473507,221.0,0.0019805526090397136,123
"Spokane-Spokane Valley, WA Metro Area",0.0025269502812759644,96,0.0009258528915703739,245.0,0.0011218238448409692,154.0,0.0031582121415794345,68
"Chattanooga, TN-GA Metro Area",0.002513016213300748,97,0.00195826772313504,121.0,0.001643717991725263,108.0,0.0018285618597028398,137
"Little Rock-North Little Rock-Conway, AR Metro Area",0.0025128964339576907,98,0.003105666552284593,69.0,0.0015353471646195487,120.0,0.0020368749275340484,121
"Fayetteville-Springdale-Rogers, AR-MO Metro Area",0.002501830270190859,99,0.0023408717727416346,96.0,0.001999662375194833,86.0,0.0027351708307465456,79
"Springfield, MO Metro Area",0.002498938144048408,100,0.0014812451879507337,158.0,0.000648004402703419,254.0,0.0016451919334143062,154
"Ocala, FL Metro Area",0.0024685683594311615,101,0.0025280458246545526,87.0,0.0012175330360572512,147.0,0.001065979282176392,229
"Columbus, GA-AL Metro Area",0.0024375034826568955,102,0.003932022383266435,57.0,0.001666933628254171,105.0,0.0025752394985668428,86
"San Luis Obispo-Paso Robles-Arroyo Grande, CA Metro Area",0.002407846185787814,103,0.0012618882936767095,178.0,0.0023330061806244367,73.0,0.002319656673960241,101
"Bridgeport-Stamford-Norwalk, CT Metro Area",0.002385438152181127,104,0.0019514473589611625,122.0,0.003906643221912025,49.0,0.003257083802139259,65
"Greeley, CO Metro Area",0.0023740041418258083,105,0.0012282547476562017,181.0,0.0008319937127138631,198.0,0.002846507370253867,75
"Santa Maria-Santa Barbara, CA Metro Area",0.002324413550991265,106,0.000956422106440481,238.0,0.0034678731096373636,53.0,0.003948747718977326,55
"Naples-Immokalee-Marco Island, FL Metro Area",0.002323243548203224,107,0.0009587044924541276,237.0,0.0008885744633401505,184.0,0.0013109706612132285,191
"Springfield, MA Metro Area",0.0023078465494793844,108,0.001498846118825042,156.0,0.002070385663662308,83.0,0.00237603191430861,100
"San Juan-Carolina-Caguas, PR Metro Area",0.0023075873316035817,109,0.0018326122024173404,128.0,0.0007849427673845997,214.0,0.005317236602651326,38
"Akron, OH Metro Area",0.002289592712408615,110,0.001967540952255125,119.0,0.0014113891522733644,134.0,0.0018379805606997324,136
"Lafayette, LA Metro Area",0.0022872526611381074,111,0.002650039192175007,82.0,0.0017966258905024717,101.0,0.0018892277385762117,133
"Stockton-Lodi, CA Metro Area",0.0022741536360343507,112,0.0026949784538055368,80.0,0.005389113018890541,34.0,0.004995972123410616,39
"Harrisburg-Carlisle, PA Metro Area",0.002269366542995717,113,0.002806191595449825,78.0,0.0023230153536486975,75.0,0.0022095657780023667,110
"Lubbock, TX Metro Area",0.0022494448402601,114,0.0023949317333890117,94.0,0.0015060922771077782,122.0,0.0026766003861147577,80
"Portland-South Portland, ME Metro Area",0.0022399546403934975,115,0.0010887483935715376,210.0,0.0008043557795658824,210.0,0.001002436658307587,241
"Wilmington, NC Metro Area",0.002224640640397171,116,0.0014745533417439719,160.0,0.0010942155768196137,157.0,0.0008793866774798714,269
"Champaign-Urbana, IL Metro Area",0.002219258487013744,117,0.0018020256039666793,131.0,0.0032760156060721315,57.0,0.0014454590325960622,173
"Clarksville, TN-KY Metro Area",0.002214403577373204,118,0.0025642109529943184,84.0,0.001202780295253097,149.0,0.0024774354843742808,91
"Jacksonville, NC Metro Area",0.002213186334805177,119,0.001186588770991815,191.0,0.0008924477464176228,183.0,0.0016958300133240935,147
"Tallahassee, FL Metro Area",0.002209912426183091,120,0.004117285883094904,53.0,0.0010673950791867967,164.0,0.0015970835692322395,159
"New Haven-Milford, CT Metro Area",0.002198896139538855,121,0.0024481354110290785,91.0,0.00224074571131309,77.0,0.0033448093753265656,63
"Prescott, AZ Metro Area",0.002191705873786363,122,0.0007442055209825793,289.0,0.0007043251555452006,235.0,0.0014741473081230317,169
"Myrtle Beach-Conway-North Myrtle Beach, SC-NC Metro Area",0.002174839348397103,123,0.0010106562451753466,223.0,0.0007402088839696709,228.0,0.0013717725429420468,179
"Blacksburg-Christiansburg-Radford, VA Metro Area",0.002154092521145596,124,0.0008038477518734142,274.0,0.0022622833940821522,76.0,0.001444021617877456,174
"Punta Gorda, FL Metro Area",0.0021516773069209225,125,0.0009124341011436404,247.0,0.0007808827596961481,216.0,0.0005931564366204593,345
"Des Moines-West Des Moines, IA Metro Area",0.0021407587990714635,126,0.002165801250240076,106.0,0.0016660313556800478,106.0,0.0020872743622822655,116
"Salinas, CA Metro Area",0.002136633159872954,127,0.001643317565602659,145.0,0.0018245338625046093,99.0,0.003244844584894985,66
"Lansing-East Lansing, MI Metro Area",0.00213077991862066,128,0.0016439348087888082,144.0,0.0017954016032475921,102.0,0.0021615914334377987,112
"Waco, TX Metro Area",0.0020865026302237244,129,0.0017436342389518787,137.0,0.0012249086907441423,146.0,0.001027372963305628,237
"Bloomington, IN Metro Area",0.002054214255870912,130,0.0011182628891233872,204.0,0.0018550074603251975,96.0,0.0008154321545981512,293
"Vallejo-Fairfield, CA Metro Area",0.0020435591548851185,131,0.003344225391407227,65.0,0.0045542526186823935,44.0,0.0030178856837342724,72
"Albany, OR Metro Area",0.0020391060692097796,132,0.0008350680183489894,267.0,0.001280258142285533,143.0,0.0013452075899470695,185
"Athens-Clarke County, GA Metro Area",0.002005212817809296,133,0.0016578604078309263,141.0,0.002181512849143948,80.0,0.0013129528996783028,190
"Olympia-Tumwater, WA Metro Area",0.0019774345360727297,134,0.0010606430786379356,214.0,0.0007706570814725251,220.0,0.0023852544063770083,99
"Huntsville, AL Metro Area",0.001977266012460069,135,0.003439750920546613,64.0,0.0014814535091661521,125.0,0.002454377998937981,93
"Shreveport-Bossier City, LA Metro Area",0.0019728379677307313,136,0.0025970475272730654,83.0,0.0006149799486625739,261.0,0.0014147131792411427,176
"Lake Havasu City-Kingman, AZ Metro Area",0.00194699321465182,137,0.00078006263558861,279.0,0.0005604521226300312,280.0,0.002392991814861974,98
"Syracuse, NY Metro Area",0.0019305568739840348,138,0.0017504532181103856,136.0,0.0015790667161259895,116.0,0.0013712125718596722,180
"Charlottesville, VA Metro Area",0.001929340807588936,139,0.0017590316339633541,135.0,0.0019606139200304016,92.0,0.001956176471568126,125
"Santa Rosa, CA Metro Area",0.0019036058146991884,140,0.0005765924164660065,328.0,0.0015908706814128407,113.0,0.002261908476265045,105
"Kalamazoo-Portage, MI Metro Area",0.001883023156322237,141,0.001578503770573047,150.0,0.0013521922389176928,139.0,0.0012426050841954374,202
"Crestview-Fort Walton Beach-Destin, FL Metro Area",0.0018817052094481379,142,0.0013306807862189212,169.0,0.0008194408576920392,203.0,0.0021037202421799774,114
"Lancaster, PA Metro Area",0.0018806245358142116,143,0.0012362890071225033,180.0,0.0010709490839434293,163.0,0.001642144315365928,155
"Bremerton-Silverdale, WA Metro Area",0.0018629276720703994,144,0.0009533602268517366,240.0,0.0015996634401801548,111.0,0.002530387713304519,88
"Gainesville, FL Metro Area",0.0018558910536249093,145,0.0019914887817438654,118.0,0.002738376949080882,65.0,0.0013077472297452972,192
"Salisbury, MD-DE Metro Area",0.0018543655311508882,146,0.002562239380019586,85.0,0.0008330951260674031,196.0,0.000993105262535926,243
"Tuscaloosa, AL Metro Area",0.0018538009315726216,147,0.002151337294330407,107.0,0.0005832010894812042,268.0,0.0011773129573741544,215
"Beaumont-Port Arthur, TX Metro Area",0.0018501832705134717,148,0.003988073019396729,55.0,0.001085002796385046,160.0,0.0008030891805062137,296
"Hilton Head Island-Bluffton-Beaufort, SC Metro Area",0.0018218881142396293,149,0.0017853509797165702,132.0,0.0005401547554021246,289.0,0.0012193072497469633,207
"Flagstaff, AZ Metro Area",0.0018092561847724113,150,0.0008708020381340032,258.0,0.000939968474109636,176.0,0.0024288140992631286,95
"Lincoln, NE Metro Area",0.0018063940023860248,151,0.0010527508726434719,216.0,0.0010181776161702174,171.0,0.001368811173001646,181
"Santa Cruz-Watsonville, CA Metro Area",0.0017998415259326264,152,0.0006402339519448672,307.0,0.002579210972292787,66.0,0.0018853871498267167,134
"St. Cloud, MN Metro Area",0.0017996963284416874,153,0.0012103459290129831,185.0,0.0023382102639506078,72.0,0.001484908683015687,167
"Roanoke, VA Metro Area",0.0017996267507094993,154,0.0016525698978043838,142.0,0.0011965081387419227,150.0,0.0010403490188666687,233
"Lynchburg, VA Metro Area",0.0017847199744699632,155,0.0018421938035077798,127.0,0.000787115164705407,213.0,0.0008763229222228264,270
"Buffalo-Cheektowaga-Niagara Falls, NY Metro Area",0.0017762825777938804,156,0.0019215502327512362,124.0,0.002537332439505649,67.0,0.002240512159841997,107
"Wichita, KS Metro Area",0.001771239858012717,157,0.0012812657022791445,175.0,0.0007636664139413661,224.0,0.0009137076492177026,260
"Manchester-Nashua, NH Metro Area",0.0017704794324547959,158,0.000721624936249952,292.0,0.001234964984216691,145.0,0.0008819602115043895,268
"Corvallis, OR Metro Area",0.0017570356325068166,159,0.000569703425766449,331.0,0.0014494782713330473,128.0,0.0012878721142047364,195
"Oshkosh-Neenah, WI Metro Area",0.0017476037619075355,160,0.001121094737611835,203.0,0.0007653330009561546,223.0,0.0008947956753225512,265
"Visalia-Porterville, CA Metro Area",0.001745846693168683,161,0.0005229111572521913,341.0,0.0008202617829892542,202.0,0.0017301939029910085,142
"Gulfport-Biloxi-Pascagoula, MS Metro Area",0.0017391108773635346,162,0.0032300277062724397,67.0,0.000950957382943421,174.0,0.0014623381036939361,170
"Auburn-Opelika, AL Metro Area",0.0017368212064693294,163,0.001437954231822524,162.0,0.0013149583504001984,142.0,0.0008751646144740375,273
"Fayetteville, NC Metro Area",0.0017154491200511107,164,0.004169622373565739,51.0,0.0016332242515231252,110.0,0.0034850481804871666,61
"Worcester, MA-CT Metro Area",0.0017085226845675516,165,0.0009215068716420139,246.0,0.0014273416860901417,130.0,0.001667080482582971,151
"South Bend-Mishawaka, IN-MI Metro Area",0.0016897656015241068,166,0.0018171289884971252,129.0,0.0007761533303709733,217.0,0.0020444063830292393,120
"Youngstown-Warren-Boardman, OH-PA Metro Area",0.0016797033322651157,167,0.002030885041924848,114.0,0.0006200333353972239,260.0,0.0012742919528048297,199
"Kingsport-Bristol-Bristol, TN-VA Metro Area",0.0016683526442168395,168,0.0009983418556056536,226.0,0.0007400333611468522,229.0,0.0022122328896821133,109
"Medford, OR Metro Area",0.001655755623714744,169,0.0006293426464163536,310.0,0.0005650536210551527,278.0,0.0008488773098514649,280
"Lafayette-West Lafayette, IN Metro Area",0.0016492445318850044,170,0.0012116453584205269,184.0,0.0019733620961071715,89.0,0.001109822765589714,222
"Modesto, CA Metro Area",0.001646282088711886,171,0.0012934494596290068,173.0,0.001501924826099583,123.0,0.002403867706200433,97
"Toledo, OH Metro Area",0.0016441554912529051,172,0.0025401899775671223,86.0,0.001657294155064262,107.0,0.0019526630165382529,127
"Duluth, MN-WI Metro Area",0.0016423163897879122,173,0.0011756430989155345,193.0,0.0009616648624352634,173.0,0.0015737922326677456,160
"Sierra Vista-Douglas, AZ Metro Area",0.0016373518687049955,174,0.001164782997932686,195.0,0.0007724661789795392,218.0,0.0016459026479064018,153
"Logan, UT-ID Metro Area",0.0016251909179669534,175,0.00048102338066113653,360.0,0.000688739108552975,242.0,0.0008435368324012016,283
"State College, PA Metro Area",0.001594943011382057,176,0.0011157962292742717,205.0,0.0018607280408262348,95.0,0.000997778211144368,242
"Greenville, NC Metro Area",0.0015928047789058285,177,0.002174594552510449,105.0,0.0008335711720387312,195.0,0.0019944999827476266,122
"Bellingham, WA Metro Area",0.0015867512597526902,178,0.00048211056668351625,359.0,0.0015459052763469225,118.0,0.0013309628316800217,189
"York-Hanover, PA Metro Area",0.001579460509416874,179,0.00156077846115925,152.0,0.0010729562325805784,161.0,0.0015174630030092536,166
"Peoria, IL Metro Area",0.001563454286387653,180,0.0016019560949944982,148.0,0.0014078697118708827,135.0,0.0010689725956981846,228
"Montgomery, AL Metro Area",0.0015384238295956013,181,0.004031458578742007,54.0,0.0010956829495619043,156.0,0.001975479209370326,124
"Longview, TX Metro Area",0.0015345432152869102,182,0.0028956749199424395,75.0,0.0010433653634636672,168.0,0.0010886906383368213,225
"Hagerstown-Martinsburg, MD-WV Metro Area",0.00151660609306788,183,0.002330545772451294,98.0,0.0008271658670502393,200.0,0.0012337251491846156,204
"Fargo, ND-MN Metro Area",0.0015094347088351872,184,0.0008699566188720741,259.0,0.0012719339138441287,144.0,0.0013013533227569272,194
"Morgantown, WV Metro Area",0.0015008175142463154,185,0.0010069110210210082,225.0,0.0007374511712481812,230.0,0.0010359460564735496,235
"Norwich-New London, CT Metro Area",0.0015001823762267438,186,0.0011579289029254025,197.0,0.0010294567548221106,170.0,0.002586381292751835,84
"Cedar Rapids, IA Metro Area",0.0014956528387629335,187,0.0010393380822697827,219.0,0.0007655512871193558,222.0,0.0018282704032731856,138
"Daphne-Fairhope-Foley, AL Metro Area",0.0014937830775682741,188,0.0008229409330646286,269.0,0.0004751117581239979,319.0,0.0010765469850128192,226
"Bloomington, IL Metro Area",0.0014902705045779876,189,0.0011285963362683605,202.0,0.0013632475332792115,138.0,0.0009314870850078029,255
"Anchorage, AK Metro Area",0.0014811443012853775,190,0.0014278912494958484,164.0,0.00317368182855941,59.0,0.0022705570171102298,104
"Yuma, AZ Metro Area",0.0014753169752055497,191,0.0008398591550779317,263.0,0.0009415083218313339,175.0,0.0022740773539798712,103
"Harrisonburg, VA Metro Area",0.001460860844034826,192,0.0008075423332048349,273.0,0.000934422204120188,178.0,0.0006688976161849002,326
"Iowa City, IA Metro Area",0.0014599744692931325,193,0.0010084645967273018,224.0,0.001203322150943628,148.0,0.0008893924903341356,267
"Scranton--Wilkes-Barre--Hazleton, PA Metro Area",0.0014497659009622926,194,0.0017609592543745638,134.0,0.0010492833759752956,165.0,0.0017219612545096457,143
"Flint, MI Metro Area",0.0014317703855915506,195,0.0020039265031536017,115.0,0.0007526224957848382,226.0,0.0012687652511165068,200
"Mobile, AL Metro Area",0.001415986460510955,196,0.002182019009975982,104.0,0.0010866734062763678,159.0,0.0009676075093397283,250
"St. George, UT Metro Area",0.0014068640275460408,197,0.00042038696799343413,377.0,0.0004216806657854183,360.0,0.0012100015195427674,208
"Johnson City, TN Metro Area",0.0014016894123994178,198,0.0006978315011801862,295.0,0.0008433872017376176,191.0,0.001350639644964667,184
"Bowling Green, KY Metro Area",0.001395810178994533,199,0.0011981039449060083,189.0,0.0006926957457625525,241.0,0.0017152552334610063,145
"Kennewick-Richland, WA Metro Area",0.0013900104666592155,200,0.0008366633299859901,265.0,0.0004625140097651487,330.0,0.0019535821567445632,126
"Lawton, OK Metro Area",0.0013829500762248506,201,0.0020518795234508586,111.0,0.000971877849277119,172.0,0.002596997018770922,83
"Jackson, MS Metro Area",0.0013808389052500426,202,0.003645148286925645,62.0,0.0014224801719241137,132.0,0.0009627343133842355,251
"Odessa, TX Metro Area",0.0013736365696311284,203,0.0016517378485582162,143.0,0.0004398127809222917,345.0,0.0012858432328921735,196
"McAllen-Edinburg-Mission, TX Metro Area",0.0013622169119203932,204,0.000991580775252834,229.0,0.0006497397041024672,251.0,0.0015583166008372664,162
"Abilene, TX Metro Area",0.0013429072631423336,205,0.0015728449651583986,151.0,0.0008075172257561399,208.0,0.0013856405698489417,178
"Appleton, WI Metro Area",0.0013236203219921183,206,0.0006559165290792509,303.0,0.0008883071973482472,186.0,0.0010365051722744207,234
"Sebastian-Vero Beach, FL Metro Area",0.0013141306794754479,207,0.0009395807333120222,243.0,0.0007559930871304887,225.0,0.0007130974589633946,314
"Huntington-Ashland, WV-KY-OH Metro Area",0.0013104694130914212,208,0.0008356808201784128,266.0,0.000662371075156498,246.0,0.0007108910580101552,317
"Hickory-Lenoir-Morganton, NC Metro Area",0.0012967965672794715,209,0.0015176438491689987,154.0,0.0007818039813284196,215.0,0.001008937424693848,240
"Grand Forks, ND-MN Metro Area",0.0012706524850189076,210,0.0005443334678340911,337.0,0.0007720038631509512,219.0,0.000891586786889851,266
"Chico, CA Metro Area",0.0012681149153952569,211,0.0007607146798201659,286.0,0.001146996355652556,151.0,0.0016771003790570587,150
"Elizabethtown-Fort Knox, KY Metro Area",0.0012660430587772369,212,0.0013215550208970082,171.0,0.0014206400397126866,133.0,0.002083607556249871,117
"Wichita Falls, TX Metro Area",0.0012569464850268042,213,0.0014851951356360563,157.0,0.0008957074575117675,181.0,0.0009779401719373483,246
"San Angelo, TX Metro Area",0.0012542272654979092,214,0.0011632804062322944,196.0,0.0006397855720113504,257.0,0.0013587011048316047,183
"Grand Junction, CO Metro Area",0.0012305503952807597,215,0.0005994719552544825,320.0,0.0004339279678827614,350.0,0.0010346857939641774,236
"Davenport-Moline-Rock Island, IA-IL Metro Area",0.0012284608447228015,216,0.0013670898075057972,167.0,0.0008402578396702986,193.0,0.0011421507230179122,220
"Hanford-Corcoran, CA Metro Area",0.0012261145588814586,217,0.0017655537140936312,133.0,0.0008277841626551852,199.0,0.0027638801560148953,77
"Macon, GA Metro Area",0.0012253580278124606,218,0.0024589517941729327,89.0,0.0006216525961958491,259.0,0.0008539325651993232,279
"Panama City, FL Metro Area",0.0012219097147955498,219,0.0010998125072486879,207.0,0.0017578790216443694,103.0,0.001338229909412708,187
"Manhattan, KS Metro Area",0.001220293004529256,220,0.0008960565569995641,252.0,0.0005266081676406402,296.0,0.0008174637370088198,292
"Reno, NV Metro Area",0.0011967814526005999,221,0.0007535906442749775,287.0,0.0008400267492784724,194.0,0.00162939823047247,156
"Fort Wayne, IN Metro Area",0.0011945377735625767,222,0.0011954044406761218,190.0,0.0006565258641281376,250.0,0.0013930072010807345,177
"New Bern, NC Metro Area",0.0011875142524055886,223,0.0013682344376335135,166.0,0.00040025339381032657,378.0,0.0012408095865468502,203
"Evansville, IN-KY Metro Area",0.0011761712942878948,224,0.0008101208056219103,272.0,0.0008093093093171021,205.0,0.0007880276055770984,301
"Homosassa Springs, FL Metro Area",0.0011760345767512623,225,0.0005863316872482573,324.0,0.0004951906549482824,308.0,0.0005172025458069665,368
"Reading, PA Metro Area",0.001174382047227532,226,0.0008807447869307153,254.0,0.0005158984770030615,300.0,0.0018921130953943337,130
"Waterloo-Cedar Falls, IA Metro Area",0.001172447073260433,227,0.0007912398924424128,277.0,0.0004894196979587426,311.0,0.0014157067522172823,175
"Muncie, IN Metro Area",0.001170058253391807,228,0.0007698348753586486,282.0,0.0008430837126539672,192.0,0.0012855066660777607,197
"Bend-Redmond, OR Metro Area",0.0011695896540870573,229,0.0006233447453788595,312.0,0.000541710552838784,287.0,0.0009276165409106811,257
"Fort Smith, AR-OK Metro Area",0.0011682043106623363,230,0.0006590617946545271,302.0,0.000701550331222304,236.0,0.0016535444860797757,152
"Midland, TX Metro Area",0.0011656220624640886,231,0.0010500593288575114,217.0,0.00041940801340917635,361.0,0.0015307296542137006,164
"Tyler, TX Metro Area",0.0011544304720261787,232,0.002035346594444856,113.0,0.0010376975458988907,169.0,0.0009182922967957456,259
"Las Cruces, NM Metro Area",0.0011471144518781418,233,0.0006015563763290374,319.0,0.0006097713772007439,262.0,0.0007236459789748019,311
"Gainesville, GA Metro Area",0.0011353349786677582,234,0.0010420771495831046,218.0,0.0005379588388565888,290.0,0.0007062172339060935,318
"The Villages, FL Metro Area",0.0011353086304489257,235,0.0006788000203214523,300.0,0.0005617300398021336,279.0,0.0007126897097875574,316
"Erie, PA Metro Area",0.0011215008061394303,236,0.0009744007952587463,234.0,0.000687673004276028,244.0,0.0008450373484815722,282
"La Crosse-Onalaska, WI-MN Metro Area",0.001117594288681012,237,0.0005843037924587807,325.0,0.0008601196353803474,187.0,0.000615528922328802,340
"Terre Haute, IN Metro Area",0.0011083126971277032,238,0.0010872384496634323,211.0,0.0005127804261064804,303.0,0.0007814355798189749,303
"Warner Robins, GA Metro Area",0.001103187586696441,239,0.0021979724185850445,103.0,0.0005545834279058892,283.0,0.0012814198495643711,198
"Ithaca, NY Metro Area",0.001101193127440968,240,0.0009017591205439789,250.0,0.0010887664210486737,158.0,0.0008695851080743437,274
"Ames, IA Metro Area",0.0010950829647412828,241,0.0006449949712612825,305.0,0.0006985515288321173,238.0,0.0006597975446812783,328
"Battle Creek, MI Metro Area",0.0010819643451654428,242,0.0008963693634503425,251.0,0.0005804896299315916,271.0,0.0006994276671697163,320
"Muskegon, MI Metro Area",0.0010809786351252046,243,0.0010763123823132104,213.0,0.0004579774198922704,334.0,0.0008243349684377837,288
"Merced, CA Metro Area",0.0010807422259135938,244,0.0012027010146874809,187.0,0.00282163840583539,62.0,0.002632151777666643,82
"St. Joseph, MO-KS Metro Area",0.0010797926871297951,245,0.00123803022489,179.0,0.0008067915051063791,209.0,0.0010259655767762142,238
"Amarillo, TX Metro Area",0.0010787484914828575,246,0.0018654693120758504,126.0,0.0006277557543300399,258.0,0.0008950032629253182,264
"Burlington-South Burlington, VT Metro Area",0.0010761187401266132,247,0.0004607057350133384,367.0,0.0005253675589167818,297.0,0.0007581863566453355,306
"Mount Vernon-Anacortes, WA Metro Area",0.0010745980112664465,248,0.0006307721657693478,309.0,0.0008938862428349028,182.0,0.0012024029443544438,211
"Saginaw, MI Metro Area",0.0010550751800470874,249,0.0017252607686628458,138.0,0.0005133390375925066,302.0,0.0007023399875645566,319
"Lake Charles, LA Metro Area",0.001051422202752579,250,0.0016057548099160791,147.0,0.0005324534929907539,293.0,0.0005831167658229573,348
"Coeur d'Alene, ID Metro Area",0.001048072119585232,251,0.0004100133708413451,382.0,0.0004397173883973504,346.0,0.0011564922657537908,217
"Canton-Massillon, OH Metro Area",0.0010442531851295438,252,0.0008678194712141252,260.0,0.000642711266550538,255.0,0.0009848749320139284,245
"Mankato-North Mankato, MN Metro Area",0.001043653579929524,253,0.0006164303051486843,313.0,0.0006575823361799212,248.0,0.0008635589175110096,276
"Yuba City, CA Metro Area",0.0010260160984148254,254,0.0004982673277613104,356.0,0.0008090729730317711,206.0,0.0013591854283304882,182
"Columbia, MO Metro Area",0.0010164381426596035,255,0.0007827246810433601,278.0,0.0007452337057347427,227.0,0.0008481797633778126,281
"Charleston, WV Metro Area",0.0010079596391522575,256,0.0008257352073535545,268.0,0.000557281446796461,281.0,0.0010730402671308306,227
"Hinesville, GA Metro Area",0.0010050157126988942,257,0.0019951062447573307,116.0,0.0007332004005355512,231.0,0.0015401924458625952,163
"Santa Fe, NM Metro Area",0.0010044953256998443,258,0.0004578687600033634,368.0,0.0005373238094336832,291.0,0.0013311824396652278,188
"Springfield, IL Metro Area",0.0009907765073400173,259,0.0014308332357402891,163.0,0.0005455744607573255,285.0,0.0005508200962690895,357
"Redding, CA Metro Area",0.0009829334952632213,260,0.0005144704016669627,344.0,0.0006085713009560273,263.0,0.0008625767864268526,277
"Morristown, TN Metro Area",0.0009783606977947876,261,0.0007644679788221963,284.0,0.0006054332637354696,265.0,0.001052993367751051,232
"Brunswick, GA Metro Area",0.0009770913782303288,262,0.0010957443065886,209.0,0.00044403535010876377,341.0,0.0005507616520509534,358
"Jackson, MI Metro Area",0.0009747469124306705,263,0.0009664938961975555,236.0,0.00046368065147608,329.0,0.0006006447710485638,343
"Yakima, WA Metro Area",0.0009737792993920917,264,0.000508776098833397,349.0,0.0006967880252942923,239.0,0.0016933156476792255,149
"Dover, DE Metro Area",0.0009725065991222083,265,0.002089787968059708,109.0,0.0008256768344169552,201.0,0.0008751789595538959,272
"Binghamton, NY Metro Area",0.0009647942763235548,266,0.0009750193499667677,233.0,0.0015916898352362177,112.0,0.0007850399329929212,302
"Fairbanks, AK Metro Area",0.000961678081140283,267,0.0008167606619242065,270.0,0.0008443406123336845,190.0,0.0011857985872341995,214
"Cleveland, TN Metro Area",0.0009600643834893368,268,0.0006795909088317485,299.0,0.00040025339381032657,372.0,0.0006958792577004278,323
"Rockford, IL Metro Area",0.0009594175105320992,269,0.0011523781734044318,198.0,0.0014632853751527432,127.0,0.0011898212820384496,213
"Bangor, ME Metro Area",0.0009574024678915822,270,0.0005969002593783161,322.0,0.0005322359024653775,294.0,0.0007982707806219235,297
"Hattiesburg, MS Metro Area",0.0009561358491357244,271,0.001133296729077736,200.0,0.000921061971152727,180.0,0.0006215213168831675,338
"Anniston-Oxford-Jacksonville, AL Metro Area",0.0009467604465642304,272,0.000979338500540531,231.0,0.0004192890269835601,362.0,0.0011263712355527495,221
"Watertown-Fort Drum, NY Metro Area",0.0009400337355807958,273,0.0008771023742892265,256.0,0.0010722588480180492,162.0,0.0017035912753220162,146
"Atlantic City-Hammonton, NJ Metro Area",0.0009385410064686217,274,0.0009766680751801765,232.0,0.0010458355166744772,166.0,0.0010603851015149764,231
"Florence-Muscle Shoals, AL Metro Area",0.0009376166703768804,275,0.0008721192481024316,257.0,0.00040133304447012206,371.0,0.0012551375313805864,201
"Rochester, MN Metro Area",0.0009343847315284495,276,0.0009084783784863652,248.0,0.0008162024304722384,204.0,0.0007960898057515716,298
"Topeka, KS Metro Area",0.0009337394207688876,277,0.0011337373031290105,199.0,0.0007169121390066008,234.0,0.0008575373725390271,278
"Lawrence, KS Metro Area",0.000933583781991232,278,0.0005758261892845845,329.0,0.000566661967964179,277.0,0.000922192618756058,258
"Spartanburg, SC Metro Area",0.0009311204513688886,279,0.001585450576781244,149.0,0.00047107159092319974,323.0,0.001096516413526351,223
"Trenton, NJ Metro Area",0.0009266956493909081,280,0.001478918999076148,159.0,0.0013780732983276949,137.0,0.001340919010594373,186
"Brownsville-Harlingen, TX Metro Area",0.0009252550410225309,281,0.0004966629771468298,357.0,0.0005466901958715031,284.0,0.0008080670575693596,295
"Niles-Benton Harbor, MI Metro Area",0.0009151982363322414,282,0.0011059486850730565,206.0,0.0005734817043103428,275.0,0.0008176263827864411,290
"Sherman-Denison, TX Metro Area",0.0009096446909212456,283,0.0006441702619820963,306.0,0.0004928219272055574,309.0,0.0007245258588068615,309
"East Stroudsburg, PA Metro Area",0.0009082368528408079,284,0.0012000944456860261,188.0,0.0005736453892115299,274.0,0.0012028139369684029,210
"Winchester, VA-WV Metro Area",0.0009051244471337914,285,0.0006091931657797858,316.0,0.0007953495684399639,211.0,0.0007128100945471871,315
"Racine, WI Metro Area",0.0008962179094869143,286,0.0012901493325268958,174.0,0.00040025339381032657,377.0,0.0007923177758466203,299
"Pueblo, CO Metro Area",0.0008881141424840021,287,0.0005469077316027443,336.0,0.000516779131015864,299.0,0.0009736369577590816,248
"Sioux Falls, SD Metro Area",0.0008873278285803922,288,0.0005776851392092138,327.0,0.0005407602568149503,288.0,0.0009772359815012537,247
"Ponce, PR Metro Area",0.0008858998867265936,289,0.0007347541494201637,291.0,0.0004885191862433671,312.0,0.0016952397057732119,148
"Madera, CA Metro Area",0.0008808062032663913,290,0.0009932406255405547,227.0,0.0011234721112156091,152.0,0.0017206356020983914,144
"Michigan City-La Porte, IN Metro Area",0.0008805465428132751,291,0.0013117041940337412,172.0,0.00042268088590537536,358.0,0.0011966866476740689,212
"Elkhart-Goshen, IN Metro Area",0.0008746742171480844,292,0.0009927527025405734,228.0,0.0006608196544919552,247.0,0.0015231168100806347,165
"Monroe, LA Metro Area",0.0008722527364875359,293,0.0018847898908489816,125.0,0.0004843339468327629,314.0,0.0005224026025941751,365
"Gettysburg, PA Metro Area",0.0008624329950059282,294,0.0005036051977385821,352.0,0.00043245094391641044,352.0,0.000722379574637794,312
"Napa, CA Metro Area",0.0008622017761025542,295,0.0005256339896191022,339.0,0.0013871627917466315,136.0,0.000745714771599237,307
"Monroe, MI Metro Area",0.000862132405140814,296,0.0005792796575435364,326.0,0.00045815943405261815,333.0,0.0005522031418985836,355
"Valdosta, GA Metro Area",0.0008621263521667093,297,0.002242325890539752,102.0,0.0005236893444890853,298.0,0.0011513247633865773,219
"Grants Pass, OR Metro Area",0.0008537834477050257,298,0.0003931765000670177,386.0,0.00040025339381032657,384.0,0.00079156730430798,300
"Jefferson City, MO Metro Area",0.0008534365811580017,299,0.0010383045753971625,220.0,0.00042421304539943746,357.0,0.0005191204248268657,367
"Hammond, LA Metro Area",0.000851034374431846,300,0.0013614199603717164,168.0,0.0005776336444074448,272.0,0.0008175311482101724,291
"Missoula, MT Metro Area",0.0008500423537310037,301,,,0.0004042728444362536,369.0,0.0013014924922652713,193
"Sioux City, IA-NE-SD Metro Area",0.0008477544346403998,302,0.0005084929093230432,350.0,0.0007918598592369363,212.0,0.0009133889417735962,261
"Eau Claire, WI Metro Area",0.0008458832067947205,303,0.0006907922829042122,296.0,0.000606380624351358,264.0,0.0006126140127551701,341
"Green Bay, WI Metro Area",0.0008387359467191481,304,0.0009537115752938889,239.0,0.0011084902433019835,155.0,0.0008957728890653727,263
"Chambersburg-Waynesboro, PA Metro Area",0.0008345582862806604,305,0.0008030234481859127,275.0,0.0005033187049079094,306.0,0.0007289893903178852,308
"Springfield, OH Metro Area",0.0008306865556566214,306,0.0007714036775142842,281.0,0.00042448148443424694,356.0,0.0008386713807981022,284
"Midland, MI Metro Area",0.0008261793767247603,307,0.0004213311643505491,375.0,0.00046250129966070547,331.0,0.0008146038225767845,294
"Decatur, AL Metro Area",0.0008223962251447505,308,0.000845710757873014,262.0,0.00040025339381032657,382.0,0.0008186150724364092,289
"Johnstown, PA Metro Area",0.000813523193309875,309,0.0007451455396694334,288.0,0.0005148829020973886,301.0,0.0005165558325666776,369
"Rapid City, SD Metro Area",0.0008113298568353915,310,0.000511920724141568,348.0,0.00042992954688703664,353.0,0.001458591042420087,171
"Bloomsburg-Berwick, PA Metro Area",0.0008070051505730854,311,0.000612606509799894,315.0,0.0006489110994311014,252.0,0.00044197074859750313,385
"Lebanon, PA Metro Area",0.0007981981152611178,312,0.0005416664798597124,338.0,0.0005767075348514655,273.0,0.0009314445275581996,256
"Idaho Falls, ID Metro Area",0.0007977971379807688,313,0.0003916342925204516,387.0,0.00047605140552977465,318.0,0.0008283882589054064,287
"Bay City, MI Metro Area",0.0007963150971918818,314,0.0005924223321375543,323.0,0.000426840104262688,354.0,0.0006903907649415011,324
"Cape Girardeau, MO-IL Metro Area",0.0007955515044176686,315,0.0012781069507864199,177.0,0.0004507798495148201,335.0,0.00048534967173245085,379
"Houma-Thibodaux, LA Metro Area",0.0007916876542994116,316,0.0009023320694696341,249.0,0.0008079625275345479,207.0,0.0007245179113954327,310
"Bismarck, ND Metro Area",0.0007912959361516629,317,0.0005026455549599157,353.0,0.00047385129721474626,320.0,0.0008295433303826546,286
"Laredo, TX Metro Area",0.0007871655392802927,318,0.0004263905691543594,373.0,0.0004358069987321018,349.0,0.0005814460679872675,349
"Burlington, NC Metro Area",0.0007865757231504978,319,0.0009324914561261486,244.0,0.0005111336355368396,304.0,0.0007141975990270302,313
"Williamsport, PA Metro Area",0.0007825374279525493,320,0.0005661886187194343,332.0,0.0004015552963015552,370.0,0.0005798417349223142,351
"Billings, MT Metro Area",0.0007805330016010509,321,0.00039572802996093383,385.0,0.000681571864442732,245.0,0.0006479001690073851,332
"Carbondale-Marion, IL Metro Area",0.0007790592887189571,322,0.0011306312031097688,201.0,0.0007013043648778155,237.0,0.0008641410610116571,275
"Aguadilla-Isabela, PR Metro Area",0.0007761778652192374,323,0.0006064867199207688,317.0,0.00048402157952933463,315.0,0.0009109626108656666,262
"Dubuque, IA Metro Area",0.0007718956285168213,324,0.0005132115377277899,347.0,0.00044897263368813507,337.0,0.0009340911713641177,254
"California-Lexington Park, MD Metro Area",0.0007695342495871595,325,0.000867619100187703,261.0,0.0008577233075585707,188.0,0.0009544866993021877,252
"Glens Falls, NY Metro Area",0.0007675416578873575,326,0.0006465713870779586,304.0,0.00047344052929387673,321.0,0.0005805702596867037,350
"Dalton, GA Metro Area",0.0007572977535595605,327,0.0005495157955761817,335.0,0.0009261000208951179,179.0,0.0007671131349925313,305
"Fond du Lac, WI Metro Area",0.0007515295311680003,328,0.0006841726332805064,297.0,0.0005831939334688653,269.0,0.0005091746517045776,371
"Goldsboro, NC Metro Area",0.0007495808816482614,329,0.0012149501776589663,183.0,0.0006488261263724441,253.0,0.0008753152909446644,271
"Ocean City, NJ Metro Area",0.0007482524228788769,330,0.0004768105247343486,363.0,0.0004783361979963006,317.0,0.0005603021923931362,354
"Cheyenne, WY Metro Area",0.000745800168050493,331,0.000764060637979987,285.0,0.0005731942707475992,276.0,0.000945174592697366,253
"Sebring, FL Metro Area",0.0007375003533433837,332,0.0006154099085812366,314.0,0.00040025339381032657,375.0,0.0005136331646481447,370
"Wheeling, WV-OH Metro Area",0.0007323055825756363,333,0.0008776348015806485,255.0,0.00045876003488153923,332.0,0.000628212960568521,335
"Florence, SC Metro Area",0.0007273886323641275,334,0.0013215712881582218,170.0,0.0005824364743978851,270.0,0.0004830007903993185,380
"Kingston, NY Metro Area",0.0007239228381071144,335,0.0008389499772543051,264.0,0.00055626466390674,282.0,0.0012201638732389382,206
"Gadsden, AL Metro Area",0.0007213270856944816,336,0.0007921306449492142,276.0,0.0005838715575790656,267.0,0.0014505614701950692,172
"Vineland-Bridgeton, NJ Metro Area",0.0007206401151395419,337,0.0014004676612578977,165.0,0.000443675619473265,342.0,0.0012061023228703966,209
"Wausau, WI Metro Area",0.0007189372183084695,338,0.0005203939450776371,342.0,0.0005071399506322615,305.0,0.0005246226502736543,362
"Altoona, PA Metro Area",0.0007168992185227427,339,0.0004346728189069497,372.0,0.00040997024974848573,366.0,0.0004742743793307264,381
"Rome, GA Metro Area",0.0007163309783745491,340,0.0010287879904182472,221.0,0.0004908587588250793,310.0,0.0004962465970509536,376
"Hot Springs, AR Metro Area",0.0007163190470951832,341,0.00069937191870771,294.0,0.0006569900370859056,249.0,0.0006601469221694405,327
"Jackson, TN Metro Area",0.0007150197953700265,342,0.00105561223782197,215.0,0.0008323754656404871,197.0,0.00043316564750883204,388
"Lewiston-Auburn, ME Metro Area",0.0007126841193123234,343,0.0004794757609140767,362.0,0.0004419927908262236,343.0,0.0009704310147990855,249
"Weirton-Steubenville, WV-OH Metro Area",0.0007082599126350051,344,0.0005248559054797715,340.0,0.00044884656633272933,338.0,0.0006986994847068121,321
"Alexandria, LA Metro Area",0.0007064637727091195,345,0.0010983020200886207,208.0,0.00040025339381032657,385.0,0.0005225502653080582,364
"Mansfield, OH Metro Area",0.0007033226553154346,346,0.0009828743701388938,230.0,0.00043358129434964963,351.0,0.0010170084720178985,239
"Utica-Rome, NY Metro Area",0.0007023921760363981,347,0.0007790684758377579,280.0,0.0007221678501372871,233.0,0.0007747356386467119,304
"Sheboygan, WI Metro Area",0.0007018766316760235,348,0.0006373446189950997,308.0,0.000688378938801363,243.0,0.0005379459350358672,360
"Barnstable Town, MA Metro Area",0.0006994923859041586,349,0.00045021847275856093,370.0,0.0004377339227252804,348.0,0.0005242848300761134,363
"Albany, GA Metro Area",0.000698257655677504,350,0.002478662419817943,88.0,0.0009361967915237109,177.0,0.0006406119696400897,334
"El Centro, CA Metro Area",0.0006950891885433199,351,0.0005985342881047547,321.0,0.0004659855343253044,326.0,0.0017519888738849467,140
"Dothan, AL Metro Area",0.0006941242734219003,352,0.000812997257973798,271.0,0.0006415621192074283,256.0,0.0006901194675361404,325
"Wenatchee, WA Metro Area",0.000683108172239982,353,0.0004821568369479587,358.0,0.00044531479231380754,339.0,0.0009870615012628513,244
"Joplin, MO Metro Area",0.0006823650939579435,354,0.0005616025762064141,333.0,0.000445178068130133,340.0,0.0008345461207601215,285
"Kankakee, IL Metro Area",0.0006755604184536897,355,0.000952931187185739,241.0,0.0004653970966860509,327.0,0.0005015993967465813,373
"Victoria, TX Metro Area",0.0006717557750780856,356,0.0005135593555938863,346.0,0.00040025339381032657,380.0,0.0005222576794156518,366
"Kahului-Wailuku-Lahaina, HI Metro Area",0.0006710575683881338,357,0.0004547717921025733,369.0,0.000722926084715587,232.0,0.0010647404060088756,230
"Pittsfield, MA Metro Area",0.0006699759235540565,358,0.00047555159108905574,364.0,0.00048124840350293385,316.0,0.0006428551108970124,333
"Casper, WY Metro Area",0.0006666742002807858,359,0.0004436474936499728,371.0,,,0.0004916305304514816,378
"Staunton-Waynesboro, VA Metro Area",0.0006562002846506741,360,0.0009677904967589321,235.0,0.0005325268165908494,292.0,0.0006250966455654047,336
"Walla Walla, WA Metro Area",0.000654309549401342,361,0.0006653017669149363,301.0,0.0005447383688371647,286.0,0.0012211910194489084,205
"Jonesboro, AR Metro Area",0.0006531442703188417,362,0.0005000917666940084,355.0,0.00042180234085903255,359.0,0.0005791736009551234,352
"Beckley, WV Metro Area",0.0006425634969835976,363,0.0007380555470221417,290.0,0.0004078109484288948,368.0,0.0004415362593359908,386
"Janesville-Beloit, WI Metro Area",0.0006368709516357014,364,0.0005009159739286946,354.0,0.0005285389904950465,295.0,0.0005013969198436923,374
"Decatur, IL Metro Area",0.0006365268938035241,365,0.0005516777438479782,334.0,0.000472327338810602,322.0,0.0005661853881956,353
"Lima, OH Metro Area",0.0006358764002956048,366,0.0006020014192568892,318.0,0.00040025339381032657,376.0,0.0005874028653828741,346
"Great Falls, MT Metro Area",0.0006286507948400739,367,0.0004088182660085224,383.0,0.00041160265429717705,364.0,0.0011563372489172372,218
"Rocky Mount, NC Metro Area",0.0006246472559909283,368,0.0016135879602354234,146.0,0.00046958385400900987,324.0,0.001173027658971055,216
"Sumter, SC Metro Area",0.0006196564193336761,369,0.0011850069042140287,192.0,0.00048785383591232325,313.0,0.0004929695445349558,377
"Mayagez, PR Metro Area",0.0006145670304190767,370,0.0005201273265592003,343.0,0.00040997024974848573,365.0,0.0015985949891444045,158
"Cumberland, MD-WV Metro Area",0.0006117313770090103,371,0.0007652522589855549,283.0,0.0004976759633441929,307.0,0.0005508718375360538,356
"Parkersburg-Vienna, WV Metro Area",0.0006115262001031782,372,0.00041459144865960075,379.0,,,0.0005397762873317382,359
"Texarkana, TX-AR Metro Area",0.0006053967335361095,373,0.001079807024392386,212.0,0.0004505589834923594,336.0,0.0006558953430384108,331
"Carson City, NV Metro Area",0.0006010215455134089,374,0.000514362703288198,345.0,0.00046519925317911137,328.0,0.0005970118658311934,344
"Elmira, NY Metro Area",0.0005778967756936608,375,0.0008842020534662758,253.0,0.0004419239920174153,344.0,0.0004343957844762591,387
"Columbus, IN Metro Area",0.0005723993975144855,376,0.0004118304192209765,381.0,0.0006944157992294309,240.0,0.0006590414379575396,329
"Pocatello, ID Metro Area",0.0005652933586180948,377,0.00042062606506191187,376.0,0.0004188633820434295,363.0,0.0006018205236496091,342
"Arecibo, PR Metro Area",0.000555348488952116,378,0.0004646140728566836,365.0,0.00046669001177067967,325.0,0.0005839723298016235,347
"Grand Island, NE Metro Area",0.000544407306781738,379,0.0005052138020759753,351.0,0.000437933755819306,347.0,0.0004527616667556614,384
"Lewiston, ID-WA Metro Area",0.0005365906856676352,380,0.00041509919867724294,378.0,0.00040025339381032657,373.0,0.0005300703179342182,361
"Pine Bluff, AR Metro Area",0.0005313526496808632,381,0.0012238107359558471,182.0,0.0004094662936786369,367.0,0.000615760657284554,339
"Owensboro, KY Metro Area",0.0005267902677379922,382,0.0006249175997298711,311.0,0.000590766065139313,266.0,0.0006565366128319413,330
"Farmington, NM Metro Area",0.0005239358247241194,383,0.00040790881642268045,384.0,0.0004248750497738025,355.0,0.0006958851723503042,322
"San Germn, PR Metro Area",0.0005106330751059125,384,0.00042545704617714025,374.0,0.00040025339381032657,374.0,0.0004592712587058109,383
"Kokomo, IN Metro Area",0.0004941000287656704,385,0.0004610188791794761,366.0,0.00040025339381032657,383.0,0.0006238624607675177,337
"Guayama, PR Metro Area",0.00047027955472974547,386,0.0004799434686215286,361.0,,,0.0005011680583959222,375
"Longview, WA Metro Area",0.0004593933260878655,387,0.0004120699170189052,380.0,0.00040025339381032657,379.0,0.00050376465223933,372
"Danville, IL Metro Area",0.0004570436658810619,388,0.0006828880129837695,298.0,0.00040025339381032657,381.0,0.00047311047767822293,382
